Disaster Type,ISO,Year,Total Deaths,Total Affected,Number of Events
Drought,AFE,1976,0,1700000,1
Epidemic,AFE,1976,395,561,2
Flood,AFE,1976,0,70000,1
Storm,AFE,1976,16,508876,1
Drought,AFW,1976,0,1420000,1
Epidemic,AFW,1976,1,7,1
Epidemic,BEN,1976,1,7,1
Epidemic,COD,1976,245,262,1
Flood,ETH,1976,0,70000,1
Storm,MDG,1976,16,508876,1
Drought,MRT,1976,0,1420000,1
Drought,RWA,1976,0,1700000,1
Epidemic,SDN,1976,150,299,1
Drought,SSA,1976,0,3120000,2
Epidemic,SSA,1976,396,568,3
Flood,SSA,1976,0,70000,1
Storm,SSA,1976,16,508876,1
Drought,AFE,1977,0,20000,1
Epidemic,AFE,1977,500,8721,3
Flood,AFE,1977,411,517000,5
Storm,AFE,1977,13,30051,2
Volcanic activity,AFE,1977,212,85000,3
Drought,AFW,1977,0,4157000,4
Epidemic,AFW,1977,0,6558,1
Flood,AFW,1977,0,900,1
Storm,AFW,1977,13,100,1
Drought,BFA,1977,0,442000,1
Flood,BFA,1977,0,900,1
Volcanic activity,COD,1977,147,60000,1
Volcanic activity,COM,1977,1,25000,1
Flood,ETH,1977,7,16000,1
Volcanic activity,ETH,1977,64,0,1
Drought,GHA,1977,0,0,1
Epidemic,GHA,1977,0,6558,1
Drought,GMB,1977,0,0,1
Flood,KEN,1977,100,20000,1
Storm,MDG,1977,10,30000,1
Flood,MOZ,1977,300,440000,1
Storm,MOZ,1977,3,51,1
Drought,SEN,1977,0,3715000,1
Epidemic,SOM,1977,0,2671,1
Flood,SOM,1977,0,40000,1
Drought,SSA,1977,0,4177000,5
Epidemic,SSA,1977,500,15279,4
Flood,SSA,1977,411,517900,6
Storm,SSA,1977,26,30151,3
Volcanic activity,SSA,1977,212,85000,3
Storm,TCD,1977,13,100,1
Drought,TZA,1977,0,20000,1
Epidemic,TZA,1977,0,50,1
Epidemic,TZA,1977,500,6000,1
Flood,ZAF,1977,4,1000,1
Drought,AFE,1978,0,500000,1
Epidemic,AFE,1978,71,3530,4
Flood,AFE,1978,120,340900,6
Storm,AFE,1978,74,123000,2
Drought,AFW,1978,0,27000,2
Epidemic,AFW,1978,205,298,2
Flood,AFW,1978,0,0,1
Storm,AFW,1978,100,0,1
Wildfire,AFW,1978,2,7200,1
Epidemic,BDI,1978,54,1530,1
Wildfire,BEN,1978,2,7200,1
Drought,COD,1978,0,500000,1
Epidemic,COD,1978,0,0,1
Flood,ETH,1978,9,1000,1
Epidemic,GMB,1978,200,0,1
Storm,MDG,1978,70,18000,1
Drought,MLI,1978,0,0,1
Flood,MOZ,1978,40,200000,1
Storm,MOZ,1978,4,105000,1
Drought,MRT,1978,0,27000,1
Storm,NGA,1978,100,0,1
Epidemic,RWA,1978,0,2000,1
Epidemic,RWA,1978,17,0,1
Flood,SDN,1978,34,100000,1
Epidemic,SEN,1978,5,298,1
Flood,SEN,1978,0,0,1
Drought,SSA,1978,0,527000,3
Epidemic,SSA,1978,276,3828,6
Flood,SSA,1978,120,340900,7
Storm,SSA,1978,174,123000,3
Wildfire,SSA,1978,2,7200,1
Flood,TZA,1978,0,9000,1
Flood,ZAF,1978,26,0,1
Flood,ZMB,1978,11,30900,1
Drought,AFE,1979,0,6540000,3
Flood,AFE,1979,0,110000,2
Storm,AFE,1979,5,105257,2
Drought,AFW,1979,0,950000,1
Epidemic,AFW,1979,271,1692,2
Epidemic,BFA,1979,241,1612,1
Drought,KEN,1979,0,40000,1
Epidemic,MLI,1979,30,80,1
Drought,MOZ,1979,0,6000000,1
Storm,MUS,1979,0,0,1
Storm,MUS,1979,5,105257,1
Flood,MWI,1979,0,20000,1
Drought,SEN,1979,0,950000,1
Drought,SSA,1979,0,7490000,4
Epidemic,SSA,1979,271,1692,2
Flood,SSA,1979,0,110000,2
Storm,SSA,1979,5,105257,2
Flood,TZA,1979,0,90000,1
Drought,UGA,1979,0,500000,1
Drought,AFE,1980,0,0,2
Epidemic,AFE,1980,179,25308,4
Drought,AFW,1980,0,8350000,5
Epidemic,AFW,1980,466,1887,1
Drought,BFA,1980,0,1250000,1
Epidemic,ETH,1980,157,25000,1
Drought,GMB,1980,0,500000,1
Epidemic,LBR,1980,466,1887,1
Drought,MLI,1980,0,1500000,1
Epidemic,MOZ,1980,10,200,1
Drought,MRT,1980,0,1600000,1
Epidemic,MUS,1980,0,108,1
Drought,NER,1980,0,3500000,1
Drought,SDN,1980,0,0,1
Drought,SOM,1980,0,0,1
Drought,SSA,1980,0,8350000,7
Epidemic,SSA,1980,645,27195,5
Epidemic,TZA,1980,12,0,1
Drought,AFE,1981,100000,5830000,3
Epidemic,AFE,1981,990,50000,1
Flood,AFE,1981,109,550185,4
Storm,AFE,1981,107,118000,1
Drought,AFW,1981,3000,1500000,2
Epidemic,AFW,1981,1503,14166,3
Flood,AFW,1981,0,5000,1
Storm,AFW,1981,0,1850,1
Drought,AGO,1981,0,80000,1
Epidemic,BFA,1981,441,3801,1
Epidemic,BFA,1981,650,6212,1
Storm,CAF,1981,0,1850,1
Epidemic,ETH,1981,990,50000,1
Flood,ETH,1981,0,20000,1
Drought,GIN,1981,0,0,1
Flood,GIN,1981,0,5000,1
Drought,MDG,1981,0,1000000,1
Storm,MDG,1981,107,118000,1
Epidemic,MLI,1981,412,4153,1
Drought,MOZ,1981,100000,4750000,1
Flood,MOZ,1981,0,500000,1
Flood,SOM,1981,5,30000,1
Drought,SSA,1981,103000,7330000,5
Epidemic,SSA,1981,2493,64166,4
Flood,SSA,1981,109,555185,5
Storm,SSA,1981,107,119850,2
Drought,TCD,1981,3000,1500000,1
Flood,ZAF,1981,104,185,1
Drought,AFE,1982,0,1037300,5
Epidemic,AFE,1982,54,153,2
Flood,AFE,1982,75,49000,3
Storm,AFE,1982,92,102500,3
Drought,AFW,1982,0,1200000,3
Epidemic,AFW,1982,5,12,1
Flood,AFW,1982,0,580000,1
Mass movement (dry),AFW,1982,46,200,1
Storm,AFW,1982,3,2222,1
Flood,BEN,1982,0,580000,1
Drought,BWA,1982,0,1037300,1
Drought,CPV,1982,0,0,1
Storm,CPV,1982,3,2222,1
Drought,GNB,1982,0,0,1
Flood,KEN,1982,75,3000,1
Mass movement (dry),LBR,1982,46,200,1
Storm,MDG,1982,92,70000,1
Epidemic,MRT,1982,5,12,1
Storm,MUS,1982,0,32000,1
Storm,MUS,1982,0,500,1
Flood,MWI,1982,0,6000,1
Drought,NAM,1982,0,0,1
Drought,SEN,1982,0,1200000,1
Drought,SSA,1982,0,2237300,8
Epidemic,SSA,1982,59,165,3
Flood,SSA,1982,75,629000,4
Mass movement (dry),SSA,1982,46,200,1
Storm,SSA,1982,95,104722,4
Flood,TZA,1982,0,40000,1
Epidemic,UGA,1982,3,153,1
Drought,ZAF,1982,0,0,1
Drought,ZMB,1982,0,0,1
Epidemic,ZMB,1982,51,0,1
Drought,ZWE,1982,0,0,1
Drought,AFE,1983,450500,16743000,6
Epidemic,AFE,1983,352,5679,2
Flood,AFE,1983,0,132000,2
Storm,AFE,1983,86,44163,4
Drought,AFW,1983,0,17600000,8
Earthquake,AFW,1983,443,41436,1
Epidemic,AFW,1983,237,386,1
Flood,AFW,1983,0,5000,1
Drought,BEN,1983,0,2100000,1
Epidemic,BFA,1983,237,386,1
Drought,CAF,1983,0,0,1
Drought,CIV,1983,0,0,1
Drought,COG,1983,0,0,1
Storm,COM,1983,33,30052,1
Drought,ETH,1983,300000,7750000,1
Drought,GHA,1983,0,12500000,1
Earthquake,GIN,1983,443,41436,1
Drought,LBR,1983,0,0,1
Drought,LSO,1983,0,500000,1
Storm,MDG,1983,42,13560,1
Epidemic,MOZ,1983,189,5679,1
Storm,MUS,1983,1,351,1
Drought,NGA,1983,0,3000000,1
Drought,SDN,1983,150000,8400000,1
Flood,SDN,1983,0,130000,1
Flood,SDN,1983,0,2000,1
Flood,SEN,1983,0,5000,1
Drought,SOM,1983,0,0,1
Drought,SSA,1983,450500,34343000,14
Earthquake,SSA,1983,443,41436,1
Epidemic,SSA,1983,589,6065,3
Flood,SSA,1983,0,137000,3
Storm,SSA,1983,86,44163,4
Drought,STP,1983,0,93000,1
Drought,SWZ,1983,500,0,1
Drought,TGO,1983,0,0,1
Epidemic,TZA,1983,163,0,1
Storm,ZAF,1983,10,200,1
Drought,AFE,1984,0,3220000,4
Storm,AFE,1984,294,1582715,5
Epidemic,AFW,1984,1125,7002,5
Flood,AFW,1984,0,4500,2
Storm,AFW,1984,89,5500,2
Volcanic activity,AFW,1984,37,0,1
Wildfire,AFW,1984,0,0,1
Wildfire,BEN,1984,0,0,1
Epidemic,BFA,1984,0,1000,1
Flood,BFA,1984,0,1500,1
Volcanic activity,CMR,1984,37,0,1
Drought,COD,1984,0,300000,1
Storm,CPV,1984,29,5500,1
Epidemic,GHA,1984,103,1500,1
Drought,KEN,1984,0,600000,1
Storm,MDG,1984,68,100215,1
Epidemic,MLI,1984,1022,4502,1
Storm,MOZ,1984,109,350000,1
Flood,MRT,1984,0,3000,1
Epidemic,NER,1984,0,0,1
Drought,RWA,1984,0,420000,1
Epidemic,SEN,1984,0,0,1
Storm,SLE,1984,60,0,1
Drought,SSA,1984,0,3220000,4
Epidemic,SSA,1984,1125,7002,5
Flood,SSA,1984,0,4500,2
Storm,SSA,1984,383,1588215,7
Volcanic activity,SSA,1984,37,0,1
Wildfire,SSA,1984,0,0,1
Storm,SWZ,1984,53,632500,1
Drought,TZA,1984,0,1900000,1
Storm,ZAF,1984,64,500000,1
Storm,ZAF,1984,0,0,1
Drought,AFE,1985,0,500000,1
Epidemic,AFE,1985,2373,9748,3
Flood,AFE,1985,17,608000,4
Storm,AFE,1985,2,35000,2
Epidemic,AFW,1985,652,6100,2
Flood,AFW,1985,61,491972,6
Wildfire,AFW,1985,4,1500,1
Drought,AGO,1985,0,500000,1
Flood,BEN,1985,61,475000,1
Flood,BFA,1985,0,572,1
Storm,COM,1985,2,35000,1
Epidemic,ETH,1985,1101,4815,1
Flood,ETH,1985,9,8000,1
Flood,ETH,1985,0,20000,1
Wildfire,GHA,1985,4,1500,1
Flood,LSO,1985,0,80000,1
Flood,MOZ,1985,8,500000,1
Storm,MOZ,1985,0,0,1
Flood,MRT,1985,0,6900,1
Flood,NGA,1985,0,6000,1
Epidemic,SEN,1985,300,3100,1
Flood,SEN,1985,0,3000,1
Epidemic,SLE,1985,352,3000,1
Epidemic,SOM,1985,1262,4815,1
Drought,SSA,1985,0,500000,1
Epidemic,SSA,1985,3025,15848,5
Flood,SSA,1985,78,1099972,10
Storm,SSA,1985,2,35000,2
Wildfire,SSA,1985,4,1500,1
Flood,TCD,1985,0,500,1
Epidemic,TZA,1985,10,118,1
Drought,AFE,1986,0,850000,1
Epidemic,AFE,1986,1484,7433,3
Flood,AFE,1986,0,34223,2
Storm,AFE,1986,99,84309,1
Epidemic,AFW,1986,1073,1400,2
Volcanic activity,AFW,1986,1746,10437,1
Volcanic activity,CMR,1986,1746,10437,1
Flood,MDG,1986,0,28223,1
Storm,MDG,1986,99,84309,1
Epidemic,NGA,1986,73,200,1
Epidemic,NGA,1986,1000,1200,1
Epidemic,SOM,1986,1307,7093,1
Drought,SSA,1986,0,850000,1
Epidemic,SSA,1986,2557,8833,5
Flood,SSA,1986,0,34223,2
Storm,SSA,1986,99,84309,1
Volcanic activity,SSA,1986,1746,10437,1
Epidemic,STP,1986,150,0,1
Flood,TZA,1986,0,6000,1
Epidemic,UGA,1986,27,340,1
Drought,ZAF,1986,0,850000,1
Drought,AFE,1987,1017,12987267,6
Epidemic,AFE,1987,707,1173,5
Flood,AFE,1987,524,195000,3
Storm,AFE,1987,24,50000,1
Epidemic,AFW,1987,918,7036,12
Storm,AFW,1987,1,3703,1
Epidemic,AGO,1987,59,673,1
Epidemic,BEN,1987,24,56,1
Epidemic,BEN,1987,41,347,1
Epidemic,COD,1987,450,0,1
Epidemic,COD,1987,48,0,1
Storm,COM,1987,24,50000,1
Drought,ETH,1987,367,7000000,1
Epidemic,GIN,1987,18,30,1
Epidemic,GNB,1987,68,6000,1
Storm,GNB,1987,1,3703,1
Flood,LSO,1987,18,100000,1
Epidemic,MLI,1987,145,305,1
Epidemic,MLI,1987,57,0,1
Drought,MOZ,1987,50,8000,1
Epidemic,MRT,1987,35,178,1
Drought,MWI,1987,0,1429267,1
Epidemic,NGA,1987,89,0,1
Epidemic,NGA,1987,100,120,1
Epidemic,NGA,1987,89,0,1
Epidemic,NGA,1987,214,0,1
Epidemic,NGA,1987,38,0,1
Drought,SDN,1987,0,3450000,1
Epidemic,SDN,1987,60,0,1
Drought,SOM,1987,600,500000,1
Flood,SOM,1987,0,30000,1
Drought,SSA,1987,1017,12987267,6
Epidemic,SSA,1987,1625,8209,17
Flood,SSA,1987,524,195000,3
Storm,SSA,1987,25,53703,2
Epidemic,TZA,1987,90,500,1
Drought,UGA,1987,0,600000,1
Flood,ZAF,1987,506,65000,1
Drought,AFE,1988,200,2323500,3
Earthquake,AFE,1988,0,2000,1
Epidemic,AFE,1988,10453,94727,6
Flood,AFE,1988,222,2587425,7
Storm,AFE,1988,150,4000,2
Drought,AFW,1988,0,1200000,2
Epidemic,AFW,1988,622,9755,7
Flood,AFW,1988,228,575822,9
Mass movement (wet),AFW,1988,0,1500,1
Storm,AFW,1988,11,1200,1
Flood,BEN,1988,0,84000,1
Drought,BFA,1988,0,200000,1
Flood,BFA,1988,16,33324,1
Epidemic,BWA,1988,183,14618,1
Flood,BWA,1988,8,12007,1
Epidemic,CMR,1988,39,340,1
Flood,CMR,1988,2,1000,1
Epidemic,ETH,1988,15,165,1
Epidemic,ETH,1988,7385,41139,1
Flood,ETH,1988,0,45000,1
Flood,ETH,1988,45,2240,1
Epidemic,GAB,1988,0,132,1
Flood,GAB,1988,0,10000,1
Epidemic,GHA,1988,15,138,1
Storm,KEN,1988,50,0,1
Drought,MDG,1988,200,950000,1
Epidemic,MLI,1988,47,159,1
Flood,MLI,1988,17,10000,1
Storm,MOZ,1988,100,4000,1
Epidemic,MRT,1988,38,575,1
Epidemic,NAM,1988,100,0,1
Drought,NER,1988,0,1000000,1
Flood,NER,1988,20,80000,1
Flood,NGA,1988,130,300000,1
Mass movement (wet),NGA,1988,0,1500,1
Flood,RWA,1988,48,21678,1
Epidemic,SDN,1988,2770,38805,1
Epidemic,SDN,1988,0,0,1
Flood,SDN,1988,96,2500000,1
Flood,SEN,1988,0,10000,1
Drought,SOM,1988,0,53500,1
Drought,SSA,1988,200,3523500,5
Earthquake,SSA,1988,0,2000,1
Epidemic,SSA,1988,11075,104482,13
Flood,SSA,1988,450,3163247,16
Mass movement (wet),SSA,1988,0,1500,1
Storm,SSA,1988,161,5200,3
Epidemic,TCD,1988,433,6794,1
Flood,TCD,1988,43,47498,1
Storm,TCD,1988,11,1200,1
Epidemic,TGO,1988,50,1617,1
Flood,TZA,1988,0,6500,1
Earthquake,UGA,1988,0,2000,1
Drought,ZAF,1988,0,1320000,1
Flood,ZAF,1988,25,0,1
Drought,AFE,1989,237,8460000,3
Earthquake,AFE,1989,9,50100,1
Epidemic,AFE,1989,991,18443,5
Flood,AFE,1989,71,1194656,8
Mass movement (wet),AFE,1989,0,148,1
Storm,AFE,1989,47,59853,4
Drought,AFW,1989,0,400000,1
Epidemic,AFW,1989,543,4806,6
Flood,AFW,1989,8,24435,3
Drought,AGO,1989,0,1900000,1
Epidemic,AGO,1989,766,15525,1
Flood,AGO,1989,0,100000,1
Flood,BDI,1989,12,3600,1
Epidemic,BEN,1989,228,2411,1
Flood,CIV,1989,0,7000,1
Epidemic,CMR,1989,100,550,1
Mass movement (wet),COD,1989,0,148,1
Epidemic,COM,1989,3,450,1
Storm,COM,1989,0,0,1
Drought,ETH,1989,0,6500000,1
Epidemic,GHA,1989,0,19,1
Flood,GHA,1989,7,2800,1
Storm,LSO,1989,0,0,1
Storm,MDG,1989,46,55346,1
Flood,MLI,1989,1,14635,1
Flood,MOZ,1989,2,0,1
Storm,MUS,1989,1,4507,1
Earthquake,MWI,1989,9,50100,1
Epidemic,MWI,1989,35,444,1
Flood,MWI,1989,13,100000,1
Epidemic,NER,1989,19,131,1
Epidemic,NER,1989,167,1654,1
Epidemic,NGA,1989,29,41,1
Drought,RWA,1989,237,60000,1
Flood,SOM,1989,0,50000,1
Flood,SOM,1989,34,0,1
Drought,SSA,1989,237,8860000,4
Earthquake,SSA,1989,9,50100,1
Epidemic,SSA,1989,1534,23249,11
Flood,SSA,1989,79,1219091,11
Mass movement (wet),SSA,1989,0,148,1
Storm,SSA,1989,47,59853,4
Epidemic,STP,1989,31,1063,1
Drought,TGO,1989,0,400000,1
Flood,TZA,1989,10,141056,1
Epidemic,UGA,1989,156,961,1
Flood,ZMB,1989,0,800000,1
Drought,AFE,1990,0,3650000,3
Earthquake,AFE,1990,10,8006,5
Epidemic,AFE,1990,1176,5837,5
Flood,AFE,1990,278,540368,6
Storm,AFE,1990,2,0,1
Drought,AFW,1990,0,4416900,3
Epidemic,AFW,1990,178,172,2
Extreme temperature,AFW,1990,0,1000000,1
Drought,BFA,1990,0,2600000,1
Drought,CMR,1990,0,186900,1
Epidemic,CMR,1990,118,172,1
Flood,COD,1990,23,27500,1
Flood,ETH,1990,0,350000,1
Earthquake,KEN,1990,0,0,1
Flood,KEN,1990,44,0,1
Extreme temperature,LBR,1990,0,1000000,1
Flood,LSO,1990,22,0,1
Epidemic,MOZ,1990,106,0,1
Epidemic,MOZ,1990,588,4000,1
Drought,MWI,1990,0,2800000,1
Drought,NER,1990,0,1630000,1
Epidemic,NGA,1990,60,0,1
Drought,SDN,1990,0,600000,1
Earthquake,SDN,1990,0,8000,1
Drought,SSA,1990,0,8066900,6
Earthquake,SSA,1990,10,8006,5
Epidemic,SSA,1990,1354,6009,7
Extreme temperature,SSA,1990,0,1000000,1
Flood,SSA,1990,278,540368,6
Storm,SSA,1990,2,0,1
Drought,SWZ,1990,0,250000,1
Epidemic,TZA,1990,200,0,1
Flood,TZA,1990,183,162000,1
Flood,TZA,1990,6,868,1
Earthquake,UGA,1990,0,0,1
Earthquake,UGA,1990,0,0,1
Epidemic,UGA,1990,197,1170,1
Earthquake,ZAF,1990,10,6,1
Storm,ZAF,1990,2,0,1
Epidemic,ZMB,1990,85,667,1
Drought,AFE,1991,0,22350000,8
Epidemic,AFE,1991,1244,15301,8
Flood,AFE,1991,472,150000,1
Mass movement (dry),AFE,1991,13,0,1
Storm,AFE,1991,36,257500,2
Volcanic activity,AFE,1991,0,200,1
Wildfire,AFE,1991,5,0,1
Drought,AFW,1991,0,302000,1
Epidemic,AFW,1991,12174,114944,9
Flood,AFW,1991,49,2000214,4
Storm,AFW,1991,4,300,1
Flood,BEN,1991,3,0,1
Epidemic,BFA,1991,37,0,1
Epidemic,CIV,1991,16,50,1
Epidemic,CMR,1991,308,1343,1
Flood,CMR,1991,2,200,1
Epidemic,COD,1991,500,0,1
Volcanic activity,COM,1991,0,200,1
Mass movement (dry),ETH,1991,13,0,1
Epidemic,GHA,1991,20,0,1
Flood,GHA,1991,5,2000000,1
Drought,KEN,1991,0,2700000,1
Epidemic,KEN,1991,26,200,1
Storm,MDG,1991,36,250000,1
Drought,MLI,1991,0,302000,1
Drought,MOZ,1991,0,3300000,1
Storm,MRT,1991,4,300,1
Storm,MUS,1991,0,7500,1
Flood,MWI,1991,472,150000,1
Drought,NAM,1991,0,250000,1
Epidemic,NER,1991,2618,87816,1
Epidemic,NER,1991,224,2331,1
Epidemic,NGA,1991,7289,10000,1
Epidemic,NGA,1991,400,1200,1
Epidemic,RWA,1991,32,214,1
Drought,SDN,1991,0,8600000,1
Epidemic,SDN,1991,12,0,1
Drought,SSA,1991,0,22652000,9
Epidemic,SSA,1991,13418,130245,17
Flood,SSA,1991,521,2150214,5
Mass movement (dry),SSA,1991,13,0,1
Storm,SSA,1991,40,257800,3
Volcanic activity,SSA,1991,0,200,1
Wildfire,SSA,1991,5,0,1
Epidemic,TCD,1991,1262,12204,1
Flood,TCD,1991,39,14,1
Drought,TZA,1991,0,800000,1
Epidemic,TZA,1991,290,0,1
Epidemic,TZA,1991,284,1733,1
Epidemic,UGA,1991,100,0,1
Drought,ZAF,1991,0,0,1
Wildfire,ZAF,1991,5,0,1
Drought,ZMB,1991,0,1700000,1
Epidemic,ZMB,1991,0,13154,1
Drought,ZWE,1991,0,5000000,1
Drought,AFE,1992,0,7431500,3
Earthquake,AFE,1992,9,311,1
Epidemic,AFE,1992,3376,287526,8
Drought,AFW,1992,0,0,1
Epidemic,AFW,1992,887,8283,3
Extreme temperature,AFW,1992,18,0,1
Epidemic,BDI,1992,220,2068,1
Drought,BWA,1992,0,100000,1
Epidemic,CAF,1992,56,418,1
Epidemic,CMR,1992,731,7865,1
Earthquake,COD,1992,9,311,1
Drought,CPV,1992,0,0,1
Drought,LSO,1992,0,331500,1
Epidemic,MOZ,1992,587,225673,1
Drought,MWI,1992,0,7000000,1
Epidemic,MWI,1992,0,0,1
Epidemic,NGA,1992,100,0,1
Extreme temperature,NGA,1992,18,0,1
Drought,SSA,1992,0,7431500,4
Earthquake,SSA,1992,9,311,1
Epidemic,SSA,1992,4263,295809,11
Extreme temperature,SSA,1992,18,0,1
Epidemic,SWZ,1992,30,2228,1
Epidemic,TZA,1992,2231,40249,1
Epidemic,UGA,1992,50,0,1
Epidemic,ZMB,1992,0,11659,1
Epidemic,ZWE,1992,258,5649,1
Drought,AFE,1993,0,1600000,1
Earthquake,AFE,1993,3,15,1
Flood,AFE,1993,89,253623,6
Storm,AFE,1993,10,15675,2
Drought,AFW,1993,0,746507,2
Epidemic,AFW,1993,513,4070,1
Flood,AFW,1993,0,11066,2
Storm,AFW,1993,0,1722,1
Epidemic,CMR,1993,513,4070,1
Drought,ERI,1993,0,1600000,1
Storm,ERI,1993,3,15675,1
Flood,ETH,1993,0,4800,1
Flood,ETH,1993,2,30000,1
Flood,GIN,1993,0,6066,1
Storm,GNB,1993,0,1722,1
Drought,MRT,1993,0,446507,1
Earthquake,SDN,1993,3,15,1
Flood,SDN,1993,21,2000,1
Flood,SEN,1993,0,5000,1
Drought,SSA,1993,0,2346507,3
Earthquake,SSA,1993,3,15,1
Epidemic,SSA,1993,513,4070,1
Flood,SSA,1993,89,264689,8
Storm,SSA,1993,10,17397,3
Drought,TCD,1993,0,300000,1
Flood,TZA,1993,54,201543,1
Flood,TZA,1993,0,280,1
Flood,ZAF,1993,12,15000,1
Storm,ZAF,1993,7,0,1
Drought,AFE,1994,0,1200000,1
Earthquake,AFE,1994,7,50000,1
Epidemic,AFE,1994,1100,6517000,2
Flood,AFE,1994,182,67029,6
Mass movement (wet),AFE,1994,22,29,1
Storm,AFE,1994,490,3048851,8
Epidemic,AFW,1994,771,44975,4
Flood,AFW,1994,118,787992,8
Flood,BEN,1994,0,34000,1
Flood,BFA,1994,22,66500,1
Flood,CMR,1994,6,0,1
Flood,COD,1994,39,50,1
Flood,COG,1994,0,16500,1
Epidemic,CPV,1994,245,12344,1
Flood,ETH,1994,4,43014,1
Mass movement (wet),ETH,1994,22,29,1
Epidemic,GAB,1994,20,0,1
Epidemic,GIN,1994,311,24000,1
Epidemic,GNB,1994,195,8631,1
Drought,KEN,1994,0,1200000,1
Epidemic,KEN,1994,1000,6500000,1
Storm,MDG,1994,200,540043,1
Storm,MDG,1994,12,8,1
Storm,MDG,1994,0,0,1
Storm,MOZ,1994,240,2502000,1
Storm,MUS,1994,2,2300,1
Flood,NER,1994,60,61992,1
Flood,NGA,1994,30,580000,1
Flood,SDN,1994,8,5965,1
Flood,SEN,1994,0,17500,1
Epidemic,SOM,1994,100,17000,1
Flood,SOM,1994,100,0,1
Storm,SOM,1994,30,0,1
Drought,SSA,1994,0,1200000,1
Earthquake,SSA,1994,7,50000,1
Epidemic,SSA,1994,1871,6561975,6
Flood,SSA,1994,300,855021,14
Mass movement (wet),SSA,1994,22,29,1
Storm,SSA,1994,490,3048851,8
Flood,TGO,1994,0,11500,1
Flood,TZA,1994,31,7000,1
Storm,TZA,1994,4,2500,1
Earthquake,UGA,1994,7,50000,1
Flood,ZAF,1994,0,11000,1
Storm,ZAF,1994,2,2000,1
Drought,AFE,1995,0,1736404,3
Epidemic,AFE,1995,233,1007,2
Flood,AFE,1995,278,135525,8
Drought,AFW,1995,0,75590,1
Epidemic,AFW,1995,3369,69108,4
Flood,AFW,1995,170,1093200,7
Storm,AFW,1995,0,2000,1
Volcanic activity,AFW,1995,0,6306,1
Wildfire,AFW,1995,0,85,1
Epidemic,AGO,1995,0,1007,1
Flood,BEN,1995,20,123000,1
Drought,BFA,1995,0,75590,1
Flood,BWA,1995,20,5500,1
Flood,CAF,1995,0,3914,1
Wildfire,CAF,1995,0,85,1
Epidemic,CIV,1995,150,2027,1
Epidemic,COD,1995,233,0,1
Volcanic activity,CPV,1995,0,6306,1
Flood,ETH,1995,27,93875,1
Flood,GHA,1995,145,700000,1
Epidemic,LBR,1995,9,359,1
Storm,LBR,1995,0,2000,1
Flood,MRT,1995,0,600,1
Flood,MWI,1995,1,1000,1
Flood,MWI,1995,0,300,1
Drought,NAM,1995,0,163200,1
Epidemic,NER,1995,3022,63691,1
Epidemic,SEN,1995,188,3031,1
Flood,SOM,1995,20,8500,1
Drought,SSA,1995,0,1811994,4
Epidemic,SSA,1995,3602,70115,6
Flood,SSA,1995,448,1228725,15
Storm,SSA,1995,0,2000,1
Volcanic activity,SSA,1995,0,6306,1
Wildfire,SSA,1995,0,85,1
Flood,TCD,1995,2,80686,1
Flood,TGO,1995,3,125000,1
Flood,TGO,1995,0,60000,1
Flood,TZA,1995,0,1850,1
Flood,TZA,1995,3,20000,1
Drought,ZAF,1995,0,300000,1
Flood,ZAF,1995,207,4500,1
Drought,ZMB,1995,0,1273204,1
Drought,AFE,1996,0,3242000,3
Epidemic,AFE,1996,2570,509417,8
Extreme temperature,AFE,1996,30,0,1
Flood,AFE,1996,229,244030,9
Mass movement (wet),AFE,1996,34,0,1
Storm,AFE,1996,23,300200,4
Epidemic,AFW,1996,13543,134710,21
Flood,AFW,1996,58,370227,5
Epidemic,BEN,1996,65,21,1
Flood,BEN,1996,11,148727,1
Epidemic,BFA,1996,4071,40506,1
Epidemic,BFA,1996,64,461,1
Flood,CAF,1996,7,17500,1
Flood,CIV,1996,28,0,1
Epidemic,CMR,1996,378,2825,1
Epidemic,COD,1996,179,821,1
Epidemic,COD,1996,23,1133,1
Flood,ETH,1996,40,90000,1
Flood,ETH,1996,0,25000,1
Epidemic,GAB,1996,45,15,1
Epidemic,GHA,1996,411,3757,1
Flood,GMB,1996,0,4000,1
Epidemic,GNB,1996,961,26967,1
Flood,KEN,1996,0,1000,1
Epidemic,LBR,1996,56,0,1
Storm,LSO,1996,0,200,1
Storm,MDG,1996,9,100000,1
Epidemic,MLI,1996,26,180,1
Epidemic,MLI,1996,319,2028,1
Storm,MOZ,1996,11,200000,1
Epidemic,MRT,1996,46,0,1
Storm,MUS,1996,3,0,1
Epidemic,NER,1996,676,6518,1
Epidemic,NER,1996,206,3957,1
Epidemic,NGA,1996,4346,30212,1
Epidemic,NGA,1996,1193,12374,1
Drought,RWA,1996,0,82000,1
Epidemic,RWA,1996,10,106,1
Drought,SDN,1996,0,160000,1
Epidemic,SDN,1996,700,1800,1
Flood,SDN,1996,52,112200,1
Flood,SDN,1996,100,8000,1
Flood,SDN,1996,0,200,1
Epidemic,SLE,1996,73,173,1
Epidemic,SLE,1996,43,310,1
Epidemic,SLE,1996,110,470,1
Flood,SLE,1996,12,200000,1
Epidemic,SOM,1996,247,5557,1
Flood,SOM,1996,3,100,1
Drought,SSA,1996,0,3242000,3
Epidemic,SSA,1996,16113,644127,29
Extreme temperature,SSA,1996,30,0,1
Flood,SSA,1996,287,614257,14
Mass movement (wet),SSA,1996,34,0,1
Storm,SSA,1996,23,300200,4
Epidemic,SWZ,1996,80,0,1
Epidemic,TCD,1996,94,1317,1
Epidemic,TGO,1996,360,2619,1
Epidemic,TGO,1996,0,0,1
Drought,TZA,1996,0,3000000,1
Epidemic,UGA,1996,20,0,1
Extreme temperature,ZAF,1996,30,0,1
Flood,ZAF,1996,7,500,1
Flood,ZAF,1996,27,7030,1
Mass movement (wet),ZAF,1996,34,0,1
Epidemic,ZWE,1996,1311,500000,1
Drought,AFE,1997,0,2691200,3
Earthquake,AFE,1997,15,46,1
Epidemic,AFE,1997,4783,230314,20
Flood,AFE,1997,2954,3297704,14
Mass movement (wet),AFE,1997,20,0,1
Storm,AFE,1997,174,600000,3
Wildfire,AFE,1997,0,0,1
Drought,AFW,1997,0,385900,3
Epidemic,AFW,1997,5090,59118,14
Flood,AFW,1997,0,51000,1
Drought,AGO,1997,0,105000,1
Epidemic,BDI,1997,0,23889,1
Epidemic,BDI,1997,21,461,1
Epidemic,BEN,1997,47,226,1
Flood,BEN,1997,0,51000,1
Epidemic,BFA,1997,2274,17996,1
Epidemic,CMR,1997,49,242,1
Epidemic,CMR,1997,60,237,1
Epidemic,COD,1997,54,800,1
Epidemic,COD,1997,0,100,1
Epidemic,COD,1997,0,511,1
Flood,COD,1997,0,35506,1
Epidemic,COG,1997,83,485,1
Drought,ETH,1997,0,986200,1
Flood,ETH,1997,297,65000,1
Flood,ETH,1997,29,22,1
Epidemic,GHA,1997,26,159,1
Epidemic,GMB,1997,120,793,1
Epidemic,GNB,1997,781,22299,1
Drought,KEN,1997,0,1600000,1
Epidemic,KEN,1997,237,13476,1
Epidemic,KEN,1997,140,2360,1
Epidemic,KEN,1997,555,17200,1
Epidemic,KEN,1997,300,0,1
Flood,KEN,1997,86,900000,1
Storm,MDG,1997,140,600000,1
Storm,MDG,1997,34,0,1
Epidemic,MLI,1997,1098,9666,1
Epidemic,MOZ,1997,619,26783,1
Epidemic,MOZ,1997,18,83,1
Epidemic,MOZ,1997,0,335,1
Flood,MOZ,1997,35,400000,1
Storm,MOZ,1997,0,0,1
Drought,MRT,1997,0,21400,1
Epidemic,MWI,1997,0,582,1
Epidemic,MWI,1997,10,40,1
Flood,MWI,1997,0,400000,1
Drought,NER,1997,0,8500,1
Epidemic,NER,1997,251,1908,1
Epidemic,NER,1997,11,248,1
Flood,SDN,1997,8,100000,1
Epidemic,SLE,1997,15,24,1
Epidemic,SLE,1997,36,2000,1
Epidemic,SOM,1997,0,1044,1
Epidemic,SOM,1997,500,0,1
Flood,SOM,1997,0,2000,1
Flood,SOM,1997,2311,1230000,1
Drought,SSA,1997,0,3077100,6
Earthquake,SSA,1997,15,46,1
Epidemic,SSA,1997,9873,289432,34
Flood,SSA,1997,2954,3348704,15
Mass movement (wet),SSA,1997,20,0,1
Storm,SSA,1997,174,600000,3
Wildfire,SSA,1997,0,0,1
Flood,SYC,1997,5,1237,1
Drought,TCD,1997,0,356000,1
Epidemic,TCD,1997,239,2835,1
Epidemic,TZA,1997,2025,35591,1
Epidemic,TZA,1997,304,6759,1
Flood,TZA,1997,46,7104,1
Flood,TZA,1997,37,3028,1
Wildfire,TZA,1997,0,0,1
Epidemic,UGA,1997,0,100000,1
Epidemic,UGA,1997,0,300,1
Flood,UGA,1997,100,153500,1
Mass movement (wet),UGA,1997,20,0,1
Earthquake,ZAF,1997,15,46,1
Flood,ZAF,1997,0,307,1
Drought,AFE,1998,0,206000,5
Epidemic,AFE,1998,7561,103394,22
Flood,AFE,1998,244,2355000,9
Mass movement (wet),AFE,1998,87,2500,1
Storm,AFE,1998,18,160,1
Wildfire,AFE,1998,72,0,2
Drought,AFW,1998,12,30700,3
Epidemic,AFW,1998,1133,13863,11
Flood,AFW,1998,28,919039,12
Wildfire,AFW,1998,3,1500,1
Epidemic,AGO,1998,115,1113,1
Epidemic,BEN,1998,78,527,1
Flood,BEN,1998,0,420000,1
Drought,BFA,1998,0,20700,1
Epidemic,BFA,1998,26,441,1
Flood,CAF,1998,0,9200,1
Epidemic,CMR,1998,126,980,1
Epidemic,CMR,1998,113,1106,1
Epidemic,COD,1998,746,9605,1
Epidemic,COD,1998,32,114,1
Epidemic,COD,1998,115,3962,1
Epidemic,COD,1998,30,0,1
Epidemic,COD,1998,79,203,1
Flood,COG,1998,0,20000,1
Epidemic,COM,1998,40,3200,1
Drought,CPV,1998,0,10000,1
Drought,ETH,1998,0,0,1
Epidemic,GHA,1998,67,1546,1
Drought,GIN,1998,12,0,1
Wildfire,GNB,1998,3,1500,1
Epidemic,KEN,1998,27,1025,1
Flood,KEN,1998,40,200,1
Epidemic,LBR,1998,12,560,1
Flood,LBR,1998,10,5000,1
Flood,MDG,1998,0,20000,1
Flood,MLI,1998,3,1784,1
Flood,MLI,1998,0,4650,1
Drought,MOZ,1998,0,0,1
Epidemic,MOZ,1998,100,600,1
Epidemic,MOZ,1998,109,2000,1
Mass movement (wet),MOZ,1998,87,2500,1
Epidemic,MRT,1998,6,344,1
Flood,MWI,1998,4,15000,1
Drought,NAM,1998,0,25000,1
Flood,NER,1998,0,20000,1
Epidemic,NGA,1998,39,211,1
Flood,NGA,1998,15,7000,1
Flood,NGA,1998,0,100000,1
Epidemic,RWA,1998,55,2951,1
Epidemic,SDN,1998,39,3,1
Epidemic,SDN,1998,1373,0,1
Epidemic,SDN,1998,107,2000,1
Epidemic,SDN,1998,1600,20400,1
Flood,SDN,1998,103,1000000,1
Wildfire,SDN,1998,47,0,1
Epidemic,SEN,1998,372,2709,1
Flood,SEN,1998,0,300000,1
Epidemic,SLE,1998,55,1770,1
Epidemic,SOM,1998,248,6704,1
Epidemic,SOM,1998,233,7860,1
Drought,SSA,1998,12,236700,8
Epidemic,SSA,1998,8694,117257,33
Flood,SSA,1998,272,3274039,21
Mass movement (wet),SSA,1998,87,2500,1
Storm,SSA,1998,18,160,1
Wildfire,SSA,1998,75,1500,3
Flood,TCD,1998,0,1000,1
Epidemic,TGO,1998,239,3669,1
Flood,TGO,1998,0,30405,1
Epidemic,TZA,1998,1871,35824,1
Epidemic,TZA,1998,590,4853,1
Flood,TZA,1998,56,0,1
Flood,TZA,1998,5,4600,1
Drought,UGA,1998,0,126000,1
Epidemic,UGA,1998,30,600,1
Flood,UGA,1998,0,15200,1
Storm,ZAF,1998,18,160,1
Wildfire,ZAF,1998,25,0,1
Flood,ZMB,1998,0,1300000,1
Drought,ZWE,1998,0,55000,1
Epidemic,ZWE,1998,10,42,1
Epidemic,ZWE,1998,12,335,1
Flood,ZWE,1998,36,0,1
Drought,AFE,1999,206,32444545,7
Epidemic,AFE,1999,4272,988356,30
Flood,AFE,1999,138,580396,15
Storm,AFE,1999,26,50590,4
Wildfire,AFE,1999,4,3005,1
Epidemic,AFW,1999,1229,10965,19
Flood,AFW,1999,245,910451,18
Storm,AFW,1999,301,96033,5
Volcanic activity,AFW,1999,0,3010,1
Epidemic,AGO,1999,147,253,1
Epidemic,AGO,1999,41,620,1
Drought,BDI,1999,6,650000,1
Epidemic,BDI,1999,51,616034,1
Epidemic,BDI,1999,29,400,1
Storm,BDI,1999,0,30810,1
Epidemic,BEN,1999,9,241,1
Flood,BEN,1999,3,57469,1
Flood,BFA,1999,6,1560,1
Epidemic,CAF,1999,14,86,1
Flood,CAF,1999,0,12000,1
Flood,CAF,1999,0,33919,1
Epidemic,CMR,1999,14,105,1
Flood,CMR,1999,24,1000,1
Volcanic activity,CMR,1999,0,3010,1
Epidemic,COD,1999,3,72,1
Flood,COD,1999,2,78000,1
Epidemic,COG,1999,15,99,1
Flood,COG,1999,2,42000,1
Epidemic,COM,1999,14,140,1
Drought,ERI,1999,0,2300000,1
Drought,ETH,1999,0,4900000,1
Epidemic,ETH,1999,9,276,1
Flood,ETH,1999,0,6755,1
Flood,ETH,1999,0,500,1
Flood,ETH,1999,13,0,1
Flood,ETH,1999,1,45000,1
Flood,ETH,1999,34,79000,1
Flood,ETH,1999,0,16000,1
Epidemic,GHA,1999,9,231,1
Epidemic,GHA,1999,9,260,1
Epidemic,GHA,1999,6,705,1
Flood,GHA,1999,52,324602,1
Epidemic,GIN,1999,12,123,1
Flood,GMB,1999,53,32000,1
Epidemic,GNB,1999,404,2169,1
Drought,KEN,1999,85,23000000,1
Epidemic,KEN,1999,563,306352,1
Epidemic,KEN,1999,14,786,1
Epidemic,KEN,1999,1237,22432,1
Epidemic,LBR,1999,39,0,1
Epidemic,LSO,1999,28,1862,1
Epidemic,MDG,1999,860,15173,1
Epidemic,MDG,1999,121,3055,1
Flood,MLI,1999,2,2200,1
Flood,MOZ,1999,23,70000,1
Flood,MRT,1999,0,23600,1
Flood,MRT,1999,0,200,1
Storm,MRT,1999,1,177,1
Drought,MUS,1999,0,0,1
Storm,MUS,1999,0,1000,1
Flood,MWI,1999,0,2000,1
Epidemic,NER,1999,10,159,1
Epidemic,NER,1999,39,582,1
Flood,NER,1999,7,12395,1
Flood,NER,1999,7,12000,1
Epidemic,NGA,1999,350,1650,1
Epidemic,NGA,1999,30,0,1
Epidemic,NGA,1999,25,119,1
Epidemic,NGA,1999,22,86,1
Epidemic,NGA,1999,89,1122,1
Flood,NGA,1999,39,90000,1
Flood,NGA,1999,50,2000,1
Flood,NGA,1999,0,25000,1
Storm,NGA,1999,100,0,1
Drought,RWA,1999,0,894545,1
Epidemic,RWA,1999,44,29,1
Epidemic,RWA,1999,27,319,1
Epidemic,RWA,1999,5,140,1
Epidemic,SDN,1999,45,256,1
Epidemic,SDN,1999,210,2811,1
Epidemic,SDN,1999,102,892,1
Flood,SDN,1999,36,100000,1
Flood,SDN,1999,0,82000,1
Flood,SDN,1999,2,23841,1
Flood,SDN,1999,0,75000,1
Storm,SEN,1999,165,0,1
Storm,SEN,1999,22,95853,1
Epidemic,SLE,1999,1,134,1
Epidemic,SLE,1999,132,3094,1
Storm,SLE,1999,13,3,1
Epidemic,SOM,1999,15,175,1
Drought,SSA,1999,206,32444545,7
Epidemic,SSA,1999,5501,999321,49
Flood,SSA,1999,383,1490847,33
Storm,SSA,1999,327,146623,9
Volcanic activity,SSA,1999,0,3010,1
Wildfire,SSA,1999,4,3005,1
Flood,TCD,1999,0,173506,1
Flood,TGO,1999,0,65000,1
Epidemic,TZA,1999,56,529,1
Drought,UGA,1999,115,700000,1
Epidemic,UGA,1999,31,589,1
Epidemic,UGA,1999,91,1616,1
Epidemic,UGA,1999,15,0,1
Flood,ZAF,1999,4,300,1
Flood,ZAF,1999,23,2000,1
Storm,ZAF,1999,21,603,1
Storm,ZAF,1999,5,18177,1
Wildfire,ZAF,1999,4,3005,1
Epidemic,ZMB,1999,23,672,1
Epidemic,ZMB,1999,44,944,1
Epidemic,ZMB,1999,2,140,1
Epidemic,ZMB,1999,393,11327,1
Epidemic,ZWE,1999,32,135,1
Epidemic,ZWE,1999,20,327,1
Drought,AFE,2000,21,3431290,3
Earthquake,AFE,2000,1,791,1
Epidemic,AFE,2000,2628,860653,41
Flood,AFE,2000,1110,5701804,20
Mass movement (wet),AFE,2000,17,165,2
Storm,AFE,2000,186,1117913,8
Wildfire,AFE,2000,0,1255,2
Epidemic,AFW,2000,2605,23028,21
Flood,AFW,2000,24,10159,9
Mass movement (wet),AFW,2000,32,300,2
Storm,AFW,2000,0,1000,1
Epidemic,AGO,2000,18,117,1
Flood,AGO,2000,31,70000,1
Flood,AGO,2000,3,6000,1
Flood,AGO,2000,1,3000,1
Flood,AGO,2000,11,11,1
Mass movement (wet),AGO,2000,13,0,1
Epidemic,BDI,2000,0,8000,1
Epidemic,BDI,2000,0,100,1
Epidemic,BDI,2000,308,722591,1
Flood,BDI,2000,0,500,1
Epidemic,BEN,2000,15,95,1
Epidemic,BEN,2000,36,435,1
Epidemic,BEN,2000,300,7232,1
Flood,BWA,2000,3,138776,1
Epidemic,CAF,2000,108,712,1
Epidemic,CAF,2000,300,1700,1
Epidemic,CAF,2000,40,160,1
Epidemic,CMR,2000,22,65,1
Flood,CMR,2000,3,500,1
Epidemic,COD,2000,16,62,1
Epidemic,COD,2000,10,1,1
Epidemic,COG,2000,24,0,1
Epidemic,ETH,2000,27,100,1
Epidemic,ETH,2000,14,149,1
Epidemic,ETH,2000,51,0,1
Epidemic,ETH,2000,19,855,1
Epidemic,ETH,2000,311,5929,1
Flood,ETH,2000,60,0,1
Flood,ETH,2000,9,30000,1
Mass movement (wet),ETH,2000,4,165,1
Wildfire,ETH,2000,0,5,1
Epidemic,GIN,2000,190,322,1
Epidemic,GMB,2000,21,116,1
Epidemic,KEN,2000,10,40,1
Epidemic,KEN,2000,3,189,1
Epidemic,KEN,2000,16,229,1
Epidemic,KEN,2000,7,221,1
Epidemic,KEN,2000,14,42,1
Epidemic,LBR,2000,3,112,1
Epidemic,LBR,2000,10,0,1
Epidemic,LSO,2000,28,1834,1
Drought,MDG,2000,0,231290,1
Storm,MDG,2000,130,736937,1
Storm,MDG,2000,23,369272,1
Flood,MLI,2000,15,0,1
Epidemic,MOZ,2000,11,1810,1
Epidemic,MOZ,2000,0,16773,1
Flood,MOZ,2000,800,4500000,1
Storm,MOZ,2000,17,0,1
Storm,MOZ,2000,1,304,1
Storm,MOZ,2000,9,750,1
Storm,MOZ,2000,5,350,1
Epidemic,MWI,2000,83,3323,1
Flood,MWI,2000,0,20000,1
Epidemic,NAM,2000,14,58,1
Flood,NAM,2000,0,5000,1
Epidemic,NER,2000,128,1067,1
Epidemic,NER,2000,15,63,1
Epidemic,NER,2000,47,21,1
Flood,NER,2000,2,4159,1
Epidemic,NGA,2000,12,0,1
Epidemic,NGA,2000,60,40,1
Epidemic,NGA,2000,27,1215,1
Flood,NGA,2000,0,250,1
Flood,NGA,2000,4,1000,1
Flood,NGA,2000,0,750,1
Flood,NGA,2000,0,2000,1
Flood,NGA,2000,0,500,1
Flood,NGA,2000,0,1000,1
Mass movement (wet),NGA,2000,17,300,1
Mass movement (wet),NGA,2000,15,0,1
Storm,NGA,2000,0,1000,1
Epidemic,RWA,2000,10,164,1
Drought,SDN,2000,0,2000000,1
Epidemic,SDN,2000,186,2363,1
Epidemic,SLE,2000,38,0,1
Drought,SOM,2000,21,1200000,1
Epidemic,SOM,2000,230,2232,1
Epidemic,SOM,2000,54,0,1
Epidemic,SOM,2000,390,0,1
Epidemic,SOM,2000,14,258,1
Flood,SOM,2000,0,3500,1
Flood,SOM,2000,0,220000,1
Flood,SOM,2000,0,150000,1
Drought,SSA,2000,21,3431290,3
Earthquake,SSA,2000,1,791,1
Epidemic,SSA,2000,5233,883681,62
Flood,SSA,2000,1134,5711963,29
Mass movement (wet),SSA,2000,49,465,4
Storm,SSA,2000,186,1118913,9
Wildfire,SSA,2000,0,1255,2
Epidemic,SWZ,2000,32,1449,1
Flood,SWZ,2000,0,272000,1
Epidemic,TCD,2000,602,4500,1
Epidemic,TCD,2000,607,5173,1
Earthquake,TZA,2000,1,791,1
Epidemic,TZA,2000,16,254,1
Epidemic,TZA,2000,4,114,1
Epidemic,TZA,2000,8,200,1
Epidemic,TZA,2000,9,330,1
Flood,TZA,2000,36,1817,1
Epidemic,UGA,2000,22,281,1
Epidemic,UGA,2000,13,19,1
Epidemic,UGA,2000,224,423,1
Storm,UGA,2000,0,10000,1
Epidemic,ZAF,2000,181,86107,1
Flood,ZAF,2000,83,200,1
Flood,ZAF,2000,3,3000,1
Storm,ZAF,2000,1,300,1
Wildfire,ZAF,2000,0,1250,1
Epidemic,ZMB,2000,0,123,1
Epidemic,ZMB,2000,163,1101,1
Flood,ZMB,2000,0,12000,1
Epidemic,ZWE,2000,93,1675,1
Epidemic,ZWE,2000,11,769,1
Epidemic,ZWE,2000,8,368,1
Flood,ZWE,2000,70,266000,1
Drought,AFE,2001,58,7070000,5
Earthquake,AFE,2001,0,700,1
Epidemic,AFE,2001,2692,74370,25
Flood,AFE,2001,285,2148598,21
Mass movement (wet),AFE,2001,36,3516,3
Storm,AFE,2001,15,2641,4
Wildfire,AFE,2001,31,0,2
Drought,AFW,2001,0,5384558,6
Epidemic,AFW,2001,5496,92799,28
Flood,AFW,2001,358,657955,11
Storm,AFW,2001,3,3000,1
Drought,AGO,2001,58,0,1
Epidemic,AGO,2001,30,332,1
Flood,AGO,2001,48,39928,1
Epidemic,BEN,2001,57,2119,1
Epidemic,BEN,2001,21,109,1
Epidemic,BEN,2001,300,7532,1
Drought,BFA,2001,0,0,1
Epidemic,BFA,2001,1525,9372,1
Epidemic,BFA,2001,6,308,1
Epidemic,BFA,2001,1447,11140,1
Epidemic,CAF,2001,343,1473,1
Storm,CAF,2001,3,3000,1
Epidemic,CIV,2001,21,203,1
Epidemic,CIV,2001,175,2977,1
Drought,CMR,2001,0,0,1
Epidemic,CMR,2001,28,387,1
Epidemic,CMR,2001,3,155,1
Flood,CMR,2001,30,1500,1
Epidemic,COD,2001,8,677,1
Epidemic,COD,2001,66,1488,1
Epidemic,COD,2001,104,893,1
Epidemic,COD,2001,41,384,1
Epidemic,COD,2001,72,851,1
Epidemic,COD,2001,20,243,1
Epidemic,COD,2001,502,6099,1
Epidemic,COD,2001,25,459,1
Flood,COD,2001,50,26,1
Flood,COD,2001,0,13000,1
Mass movement (wet),COD,2001,12,0,1
Epidemic,COG,2001,19,13,1
Epidemic,ETH,2001,311,5955,1
Epidemic,ETH,2001,118,2211,1
Flood,ETH,2001,5,31000,1
Flood,ETH,2001,0,6000,1
Flood,ETH,2001,0,2500,1
Epidemic,GAB,2001,50,10,1
Epidemic,GHA,2001,0,733,1
Epidemic,GHA,2001,12,408,1
Flood,GHA,2001,12,144025,1
Epidemic,GIN,2001,12,143,1
Flood,GIN,2001,9,220000,1
Flood,GMB,2001,1,250,1
Epidemic,KEN,2001,9,102,1
Epidemic,KEN,2001,14,222,1
Epidemic,KEN,2001,12,24,1
Epidemic,KEN,2001,5,395,1
Storm,LSO,2001,0,1000,1
Storm,LSO,2001,1,1001,1
Drought,MLI,2001,0,0,1
Flood,MLI,2001,2,3500,1
Drought,MOZ,2001,0,100000,1
Epidemic,MOZ,2001,7,611,1
Flood,MOZ,2001,79,549326,1
Flood,MOZ,2001,0,200000,1
Drought,MRT,2001,0,1000000,1
Flood,MRT,2001,0,3000,1
Epidemic,MWI,2001,20,1500,1
Epidemic,MWI,2001,502,17352,1
Epidemic,MWI,2001,609,21414,1
Flood,MWI,2001,59,500000,1
Flood,MWI,2001,0,8750,1
Drought,NAM,2001,0,0,1
Epidemic,NAM,2001,134,12098,1
Drought,NER,2001,0,3584558,1
Epidemic,NER,2001,321,3693,1
Epidemic,NER,2001,237,44276,1
Epidemic,NER,2001,15,98,1
Flood,NER,2001,4,20000,1
Epidemic,NGA,2001,16,1,1
Epidemic,NGA,2001,340,0,1
Epidemic,NGA,2001,84,340,1
Epidemic,NGA,2001,24,125,1
Epidemic,NGA,2001,80,2170,1
Flood,NGA,2001,0,2000,1
Flood,NGA,2001,0,3852,1
Flood,NGA,2001,200,84065,1
Flood,RWA,2001,10,0,1
Flood,RWA,2001,2,3000,1
Flood,SDN,2001,3,97000,1
Epidemic,SLE,2001,12,3,1
Epidemic,SOM,2001,33,111,1
Flood,SOM,2001,0,6500,1
Drought,SSA,2001,58,12454558,11
Earthquake,SSA,2001,0,700,1
Epidemic,SSA,2001,8188,167169,53
Flood,SSA,2001,643,2806553,32
Mass movement (wet),SSA,2001,36,3516,3
Storm,SSA,2001,18,5641,5
Wildfire,SSA,2001,31,0,2
Drought,SWZ,2001,0,970000,1
Drought,TCD,2001,0,800000,1
Epidemic,TCD,2001,113,3444,1
Flood,TCD,2001,100,175763,1
Epidemic,TGO,2001,187,976,1
Epidemic,TGO,2001,48,591,1
Earthquake,TZA,2001,0,700,1
Epidemic,TZA,2001,3,103,1
Epidemic,TZA,2001,22,412,1
Flood,TZA,2001,5,200,1
Mass movement (wet),TZA,2001,13,150,1
Epidemic,UGA,2001,14,9,1
Flood,UGA,2001,1,300,1
Flood,UGA,2001,0,500,1
Mass movement (wet),UGA,2001,11,3366,1
Flood,ZAF,2001,0,42356,1
Flood,ZAF,2001,5,312,1
Storm,ZAF,2001,14,10,1
Storm,ZAF,2001,0,630,1
Wildfire,ZAF,2001,20,0,1
Wildfire,ZAF,2001,11,0,1
Epidemic,ZMB,2001,11,425,1
Flood,ZMB,2001,5,617900,1
Drought,ZWE,2001,0,6000000,1
Flood,ZWE,2001,13,30000,1
Drought,AFE,2002,588,5529435,6
Earthquake,AFE,2002,47,3643,2
Epidemic,AFE,2002,3827,583375,28
Flood,AFE,2002,267,710948,17
Mass movement (wet),AFE,2002,16,0,1
Storm,AFE,2002,84,641283,11
Volcanic activity,AFE,2002,200,110400,1
Wildfire,AFE,2002,3,1500,1
Drought,AFW,2002,0,414000,4
Epidemic,AFW,2002,1001,11005,21
Extreme temperature,AFW,2002,60,0,1
Flood,AFW,2002,59,284419,7
Storm,AFW,2002,4,1253,1
Wildfire,AFW,2002,1,750,1
Epidemic,BDI,2002,13,781,1
Epidemic,BDI,2002,6,448,1
Epidemic,BDI,2002,68,934,1
Flood,BDI,2002,0,6000,1
Flood,BDI,2002,0,2000,1
Epidemic,BEN,2002,50,452,1
Epidemic,CAF,2002,6,727,1
Wildfire,CAF,2002,1,750,1
Epidemic,CIV,2002,43,244,1
Epidemic,CIV,2002,19,562,1
Epidemic,CIV,2002,15,55,1
Epidemic,COD,2002,39,66,1
Epidemic,COD,2002,24,4000,1
Epidemic,COD,2002,67,2636,1
Epidemic,COD,2002,41,353,1
Epidemic,COD,2002,18,1245,1
Epidemic,COD,2002,17,57,1
Epidemic,COD,2002,0,140,1
Epidemic,COD,2002,2000,500000,1
Epidemic,COD,2002,296,30878,1
Flood,COD,2002,40,2540,1
Volcanic activity,COD,2002,200,110400,1
Epidemic,COG,2002,128,15,1
Flood,COG,2002,0,53000,1
Drought,CPV,2002,0,30000,1
Epidemic,ETH,2002,12,0,1
Flood,ETH,2002,22,4000,1
Flood,GHA,2002,0,200,1
Flood,GHA,2002,4,2000,1
Epidemic,GIN,2002,23,123,1
Drought,GMB,2002,0,0,1
Drought,GNB,2002,0,100000,1
Flood,KEN,2002,53,150008,1
Flood,KEN,2002,14,20000,1
Flood,KEN,2002,12,2000,1
Flood,KEN,2002,6,3000,1
Mass movement (wet),KEN,2002,16,0,1
Epidemic,LBR,2002,0,661,1
Drought,LSO,2002,0,500000,1
Drought,MDG,2002,0,600000,1
Epidemic,MDG,2002,671,21975,1
Storm,MDG,2002,2,1900,1
Storm,MDG,2002,20,526200,1
Epidemic,MLI,2002,33,282,1
Flood,MLI,2002,2,22519,1
Drought,MOZ,2002,9,600000,1
Epidemic,MOZ,2002,17,2028,1
Flood,MOZ,2002,0,500,1
Storm,MOZ,2002,3,4017,1
Flood,MRT,2002,25,27500,1
Storm,MUS,2002,3,1050,1
Drought,MWI,2002,500,2829435,1
Epidemic,MWI,2002,175,0,1
Epidemic,MWI,2002,41,773,1
Flood,MWI,2002,1,150000,1
Flood,MWI,2002,8,246340,1
Drought,NAM,2002,0,345000,1
Epidemic,NER,2002,308,3210,1
Epidemic,NER,2002,8,96,1
Storm,NER,2002,4,1253,1
Epidemic,NGA,2002,120,2880,1
Epidemic,NGA,2002,14,100,1
Epidemic,NGA,2002,72,750,1
Epidemic,NGA,2002,14,0,1
Epidemic,NGA,2002,11,9,1
Epidemic,NGA,2002,12,164,1
Epidemic,NGA,2002,12,0,1
Extreme temperature,NGA,2002,60,0,1
Flood,NGA,2002,0,200,1
Earthquake,RWA,2002,45,1643,1
Epidemic,RWA,2002,83,636,1
Flood,RWA,2002,69,20000,1
Epidemic,SDN,2002,49,281,1
Epidemic,SDN,2002,0,1000,1
Flood,SDN,2002,0,100000,1
Storm,SDN,2002,33,0,1
Drought,SEN,2002,0,284000,1
Epidemic,SEN,2002,7,121,1
Epidemic,SEN,2002,11,60,1
Flood,SEN,2002,28,179000,1
Epidemic,SOM,2002,30,0,1
Epidemic,SOM,2002,63,1191,1
Drought,SSA,2002,588,5943435,10
Earthquake,SSA,2002,47,3643,2
Epidemic,SSA,2002,4828,594380,49
Extreme temperature,SSA,2002,60,0,1
Flood,SSA,2002,326,995367,24
Mass movement (wet),SSA,2002,16,0,1
Storm,SSA,2002,88,642536,12
Volcanic activity,SSA,2002,200,110400,1
Wildfire,SSA,2002,4,2250,2
Storm,SYC,2002,0,6800,1
Epidemic,TGO,2002,95,494,1
Earthquake,TZA,2002,2,2000,1
Epidemic,TZA,2002,9,149,1
Flood,TZA,2002,9,1200,1
Drought,UGA,2002,79,655000,1
Flood,UGA,2002,0,100,1
Flood,UGA,2002,17,760,1
Storm,UGA,2002,0,100,1
Epidemic,ZAF,2002,11,256,1
Epidemic,ZAF,2002,1,169,1
Epidemic,ZAF,2002,72,12927,1
Flood,ZAF,2002,16,2500,1
Storm,ZAF,2002,0,150,1
Storm,ZAF,2002,0,1000,1
Storm,ZAF,2002,22,100000,1
Storm,ZAF,2002,1,66,1
Wildfire,ZAF,2002,3,1500,1
Epidemic,ZWE,2002,4,102,1
Epidemic,ZWE,2002,0,350,1
Drought,AFE,2003,9,15619500,5
Epidemic,AFE,2003,1232,49770,12
Flood,AFE,2003,296,1108551,26
Storm,AFE,2003,136,209233,9
Epidemic,AFW,2003,1499,31341,12
Flood,AFW,2003,40,291129,8
Mass movement (wet),AFW,2003,20,100,1
Storm,AFW,2003,3,8019,1
Flood,AGO,2003,9,600,1
Flood,AGO,2003,6,225,1
Drought,BDI,2003,0,0,1
Epidemic,BDI,2003,6,230,1
Epidemic,BEN,2003,3,265,1
Epidemic,BFA,2003,1058,7146,1
Flood,BFA,2003,0,12120,1
Epidemic,CAF,2003,23,379,1
Flood,CAF,2003,0,240,1
Mass movement (wet),CMR,2003,20,100,1
Epidemic,COD,2003,380,13072,1
Epidemic,COD,2003,369,7145,1
Epidemic,COD,2003,37,184,1
Flood,COD,2003,0,600,1
Flood,COD,2003,1,881,1
Storm,COD,2003,17,22500,1
Storm,COD,2003,11,73,1
Epidemic,COG,2003,29,2,1
Storm,COM,2003,0,300,1
Flood,ERI,2003,0,0,1
Drought,ETH,2003,0,12600000,1
Flood,ETH,2003,119,110000,1
Epidemic,GIN,2003,24,43,1
Storm,GMB,2003,3,8019,1
Flood,GNB,2003,0,0,1
Flood,KEN,2003,40,60000,1
Flood,KEN,2003,0,300,1
Epidemic,LBR,2003,0,17561,1
Epidemic,LBR,2003,0,1857,1
Flood,MDG,2003,16,23370,1
Storm,MDG,2003,0,500,1
Storm,MDG,2003,89,162086,1
Storm,MDG,2003,0,164,1
Epidemic,MLI,2003,106,1216,1
Flood,MLI,2003,0,10000,1
Drought,MOZ,2003,9,119500,1
Epidemic,MOZ,2003,14,2798,1
Epidemic,MOZ,2003,31,4124,1
Epidemic,MOZ,2003,85,15237,1
Epidemic,MOZ,2003,29,1975,1
Flood,MOZ,2003,4,100003,1
Flood,MOZ,2003,32,400000,1
Flood,MOZ,2003,2,15000,1
Storm,MOZ,2003,11,23010,1
Flood,MRT,2003,9,21000,1
Flood,MWI,2003,8,18500,1
Flood,MWI,2003,4,1000,1
Flood,NAM,2003,2,12000,1
Epidemic,NER,2003,195,1861,1
Flood,NER,2003,7,30000,1
Flood,NGA,2003,16,210000,1
Drought,RWA,2003,0,1000000,1
Flood,RWA,2003,0,7016,1
Epidemic,SDN,2003,27,178,1
Flood,SDN,2003,20,325056,1
Flood,SEN,2003,8,7769,1
Epidemic,SLE,2003,10,90,1
Flood,SOM,2003,0,0,1
Flood,SOM,2003,1,300,1
Drought,SSA,2003,9,15619500,5
Epidemic,SSA,2003,2731,81111,24
Flood,SSA,2003,336,1399680,34
Mass movement (wet),SSA,2003,20,100,1
Storm,SSA,2003,139,217252,10
Epidemic,TCD,2003,11,131,1
Epidemic,TGO,2003,40,790,1
Drought,TZA,2003,0,1900000,1
Flood,TZA,2003,0,2000,1
Epidemic,UGA,2003,35,242,1
Flood,UGA,2003,5,1500,1
Flood,UGA,2003,20,700,1
Flood,ZAF,2003,1,500,1
Storm,ZAF,2003,0,600,1
Epidemic,ZMB,2003,179,3835,1
Flood,ZMB,2003,0,10000,1
Flood,ZMB,2003,4,1000,1
Epidemic,ZWE,2003,40,750,1
Flood,ZWE,2003,2,18000,1
Storm,ZWE,2003,8,0,1
Drought,AFE,2004,80,17779000,5
Earthquake,AFE,2004,315,110033,5
Epidemic,AFE,2004,1153,55287,12
Flood,AFE,2004,84,635571,15
Storm,AFE,2004,395,1047929,4
Epidemic,AFW,2004,1224,35134,15
Flood,AFW,2004,110,43602,8
Storm,AFW,2004,4,7137,2
Wildfire,AFW,2004,0,777,1
Drought,AGO,2004,0,25000,1
Epidemic,AGO,2004,329,45,1
Flood,AGO,2004,27,331700,1
Flood,AGO,2004,0,0,1
Flood,AGO,2004,1,2000,1
Earthquake,BDI,2004,3,120,1
Flood,BDI,2004,0,10000,1
Storm,BDI,2004,0,500,1
Storm,BDI,2004,0,15000,1
Epidemic,BFA,2004,527,2783,1
Flood,BWA,2004,0,4960,1
Flood,CAF,2004,3,12702,1
Epidemic,CMR,2004,46,2924,1
Epidemic,COD,2004,300,0,1
Epidemic,COD,2004,77,2599,1
Epidemic,COD,2004,58,984,1
Epidemic,COD,2004,214,42564,1
Epidemic,COD,2004,57,73,1
Flood,ERI,2004,0,7013,1
Epidemic,GAB,2004,1,100,1
Epidemic,GIN,2004,100,1092,1
Wildfire,GIN,2004,0,777,1
Storm,GMB,2004,2,6137,1
Epidemic,GNB,2004,3,199,1
Flood,GNB,2004,3,1000,1
Epidemic,GNQ,2004,15,946,1
Drought,KEN,2004,80,2300000,1
Earthquake,KEN,2004,1,0,1
Epidemic,KEN,2004,8,141,1
Flood,KEN,2004,4,2000,1
Flood,KEN,2004,50,10000,1
Storm,MDG,2004,32,44290,1
Storm,MDG,2004,363,988139,1
Flood,NAM,2004,0,5000,1
Flood,NAM,2004,0,20000,1
Epidemic,NER,2004,149,20000,1
Epidemic,NER,2004,5,132,1
Epidemic,NGA,2004,46,281,1
Epidemic,NGA,2004,76,1316,1
Epidemic,NGA,2004,50,300,1
Flood,NGA,2004,0,1000,1
Flood,NGA,2004,4,300,1
Flood,NGA,2004,0,15000,1
Flood,NGA,2004,65,10600,1
Flood,NGA,2004,25,3000,1
Epidemic,RWA,2004,4,540,1
Epidemic,SDN,2004,11,1340,1
Epidemic,SDN,2004,87,6774,1
Epidemic,SEN,2004,6,861,1
Storm,SEN,2004,2,1000,1
Epidemic,SLE,2004,56,633,1
Flood,SLE,2004,10,0,1
Drought,SOM,2004,0,200000,1
Earthquake,SOM,2004,298,105083,1
Flood,SOM,2004,0,1500,1
Drought,SSA,2004,80,17779000,5
Earthquake,SSA,2004,315,110033,5
Epidemic,SSA,2004,2377,90421,27
Flood,SSA,2004,194,679173,23
Storm,SSA,2004,399,1055066,6
Wildfire,SSA,2004,0,777,1
Earthquake,SYC,2004,3,4830,1
Epidemic,TCD,2004,123,2895,1
Epidemic,TCD,2004,21,672,1
Drought,TZA,2004,0,254000,1
Earthquake,TZA,2004,10,0,1
Epidemic,UGA,2004,3,53,1
Flood,UGA,2004,0,20000,1
Flood,UGA,2004,0,10000,1
Drought,ZAF,2004,0,15000000,1
Epidemic,ZAF,2004,5,174,1
Flood,ZAF,2004,0,15000,1
Flood,ZMB,2004,2,196398,1
Drought,AFE,2005,149,16564000,9
Earthquake,AFE,2005,10,6563,3
Epidemic,AFE,2005,1051,27941,20
Flood,AFE,2005,301,628420,20
Storm,AFE,2005,97,14532,4
Volcanic activity,AFE,2005,1,293000,3
Drought,AFW,2005,0,4000000,2
Epidemic,AFW,2005,1924,88376,19
Flood,AFW,2005,84,104169,10
Flood,AGO,2005,0,10000,1
Drought,BDI,2005,120,2150000,1
Flood,BDI,2005,0,5000,1
Epidemic,BEN,2005,4,206,1
Epidemic,BFA,2005,9,606,1
Flood,CAF,2005,1,23805,1
Epidemic,CIV,2005,40,210,1
Epidemic,CMR,2005,42,1400,1
Flood,CMR,2005,2,0,1
Earthquake,COD,2005,6,1505,1
Epidemic,COD,2005,34,2152,1
Epidemic,COD,2005,29,1420,1
Epidemic,COD,2005,38,1300,1
Storm,COD,2005,8,5389,1
Epidemic,COG,2005,10,2,1
Flood,COG,2005,1,2000,1
Epidemic,COM,2005,0,1358,1
Volcanic activity,COM,2005,0,39000,1
Volcanic activity,COM,2005,1,245000,1
Drought,ETH,2005,0,2600000,1
Epidemic,ETH,2005,40,433,1
Epidemic,ETH,2005,34,531,1
Flood,ETH,2005,156,235418,1
Flood,ETH,2005,42,0,1
Flood,ETH,2005,0,7000,1
Flood,ETH,2005,13,0,1
Volcanic activity,ETH,2005,0,9000,1
Epidemic,GHA,2005,40,2248,1
Epidemic,GIN,2005,72,1884,1
Epidemic,GNB,2005,399,25111,1
Drought,KEN,2005,27,3500000,1
Epidemic,KEN,2005,12,45,1
Epidemic,KEN,2005,41,1600,1
Flood,KEN,2005,1,25000,1
Flood,KEN,2005,5,10000,1
Flood,KEN,2005,20,1200,1
Epidemic,LBR,2005,29,674,1
Drought,MDG,2005,0,14000,1
Flood,MDG,2005,25,58717,1
Flood,MDG,2005,4,900,1
Storm,MDG,2005,78,7985,1
Drought,MLI,2005,0,1000000,1
Epidemic,MLI,2005,20,138,1
Epidemic,MLI,2005,23,30,1
Flood,MLI,2005,0,125,1
Flood,MLI,2005,0,1735,1
Drought,MOZ,2005,0,1400000,1
Flood,MOZ,2005,0,18825,1
Flood,MOZ,2005,16,29012,1
Epidemic,MRT,2005,55,2585,1
Flood,MRT,2005,0,7500,1
Drought,MWI,2005,0,5100000,1
Flood,MWI,2005,1,44500,1
Storm,MWI,2005,11,8,1
Drought,NER,2005,0,3000000,1
Epidemic,NER,2005,44,387,1
Epidemic,NGA,2005,46,200,1
Epidemic,NGA,2005,561,23575,1
Epidemic,NGA,2005,100,0,1
Epidemic,NGA,2005,12,98,1
Flood,NGA,2005,0,1000,1
Flood,NGA,2005,60,3004,1
Epidemic,SDN,2005,124,3579,1
Epidemic,SDN,2005,144,439,1
Epidemic,SDN,2005,382,3436,1
Flood,SDN,2005,5,156000,1
Flood,SDN,2005,0,4780,1
Epidemic,SEN,2005,303,23022,1
Flood,SEN,2005,0,50000,1
Flood,SLE,2005,20,15000,1
Drought,SOM,2005,2,0,1
Epidemic,SOM,2005,13,0,1
Epidemic,SOM,2005,0,199,1
Flood,SOM,2005,5,5020,1
Flood,SOM,2005,7,2500,1
Drought,SSA,2005,149,20564000,11
Earthquake,SSA,2005,10,6563,3
Epidemic,SSA,2005,2975,116317,39
Flood,SSA,2005,385,732589,30
Storm,SSA,2005,97,14532,4
Volcanic activity,SSA,2005,1,293000,3
Epidemic,STP,2005,25,1349,1
Storm,SWZ,2005,0,1150,1
Epidemic,TCD,2005,115,6000,1
Earthquake,TZA,2005,2,5000,1
Epidemic,TZA,2005,6,576,1
Flood,TZA,2005,1,10548,1
Drought,UGA,2005,0,600000,1
Epidemic,UGA,2005,10,426,1
Epidemic,UGA,2005,11,300,1
Earthquake,ZAF,2005,2,58,1
Drought,ZMB,2005,0,1200000,1
Epidemic,ZMB,2005,21,7615,1
Flood,ZMB,2005,0,4000,1
Epidemic,ZWE,2005,14,203,1
Epidemic,ZWE,2005,73,980,1
Drought,AFE,2006,0,3700000,1
Earthquake,AFE,2006,4,1476,1
Epidemic,AFE,2006,5233,173947,41
Flood,AFE,2006,1338,1951614,38
Mass movement (wet),AFE,2006,24,2000,1
Storm,AFE,2006,8,89622,5
Volcanic activity,AFE,2006,0,0,1
Drought,AFW,2006,0,57000,2
Epidemic,AFW,2006,1096,12332,10
Flood,AFW,2006,110,104901,13
Epidemic,AGO,2006,2354,57570,1
Epidemic,AGO,2006,68,0,1
Flood,AGO,2006,0,225,1
Flood,BDI,2006,1,1200,1
Flood,BDI,2006,9,2000,1
Flood,BDI,2006,1,5000,1
Flood,BDI,2006,11,1000,1
Flood,BDI,2006,0,1500,1
Flood,BDI,2006,0,4105,1
Storm,BDI,2006,0,1505,1
Epidemic,BFA,2006,784,7402,1
Flood,BFA,2006,0,15610,1
Flood,BFA,2006,0,10000,1
Epidemic,BWA,2006,470,22264,1
Epidemic,CIV,2006,40,90,1
Epidemic,CIV,2006,2,361,1
Epidemic,COD,2006,34,770,1
Epidemic,COD,2006,13,948,1
Epidemic,COD,2006,20,16,1
Epidemic,COD,2006,19,81,1
Epidemic,COD,2006,42,584,1
Epidemic,COD,2006,13,341,1
Epidemic,COD,2006,10,246,1
Flood,COD,2006,0,3870,1
Flood,COD,2006,1,5500,1
Flood,COD,2006,0,3600,1
Storm,COD,2006,3,75066,1
Epidemic,COG,2006,50,3030,1
Flood,COG,2006,6,5000,1
Epidemic,COM,2006,0,924,1
Volcanic activity,COM,2006,0,0,1
Epidemic,ETH,2006,132,10966,1
Epidemic,ETH,2006,219,21882,1
Flood,ETH,2006,0,10000,1
Flood,ETH,2006,498,10096,1
Flood,ETH,2006,5,450,1
Flood,ETH,2006,364,8000,1
Flood,ETH,2006,2,38000,1
Flood,ETH,2006,2,6000,1
Flood,ETH,2006,80,361600,1
Epidemic,GIN,2006,18,125,1
Epidemic,GIN,2006,111,173,1
Flood,GIN,2006,0,1200,1
Drought,GNB,2006,0,32000,1
Epidemic,KEN,2006,15,59,1
Epidemic,KEN,2006,13,0,1
Epidemic,KEN,2006,155,529,1
Flood,KEN,2006,60,17300,1
Flood,KEN,2006,8,13000,1
Flood,KEN,2006,30,30000,1
Flood,KEN,2006,114,723000,1
Storm,MDG,2006,3,6212,1
Storm,MDG,2006,1,304,1
Drought,MLI,2006,0,25000,1
Epidemic,MLI,2006,9,151,1
Flood,MLI,2006,1,1000,1
Earthquake,MOZ,2006,4,1476,1
Epidemic,MOZ,2006,27,5692,1
Flood,MRT,2006,7,1619,1
Flood,MRT,2006,0,9000,1
Epidemic,MUS,2006,0,2553,1
Epidemic,MWI,2006,20,852,1
Flood,MWI,2006,3,8000,1
Flood,MWI,2006,5,8000,1
Epidemic,NAM,2006,10,47,1
Flood,NAM,2006,0,200,1
Flood,NAM,2006,5,2100,1
Epidemic,NER,2006,44,570,1
Epidemic,NER,2006,18,214,1
Flood,NER,2006,4,46472,1
Flood,NGA,2006,0,2000,1
Flood,NGA,2006,0,10000,1
Flood,NGA,2006,40,1000,1
Epidemic,RWA,2006,35,300,1
Mass movement (wet),RWA,2006,24,2000,1
Epidemic,SDN,2006,24,554,1
Epidemic,SDN,2006,476,15711,1
Epidemic,SDN,2006,196,5757,1
Epidemic,SDN,2006,16,231,1
Epidemic,SDN,2006,430,6516,1
Flood,SDN,2006,0,150000,1
Flood,SDN,2006,27,6000,1
Flood,SDN,2006,0,11000,1
Epidemic,SOM,2006,12,80,1
Epidemic,SOM,2006,20,0,1
Epidemic,SOM,2006,21,0,1
Epidemic,SOM,2006,40,5733,1
Epidemic,SOM,2006,51,63,1
Flood,SOM,2006,5,2000,1
Flood,SOM,2006,5,30000,1
Flood,SOM,2006,52,299000,1
Flood,SOM,2006,35,155500,1
Drought,SSA,2006,0,3757000,3
Earthquake,SSA,2006,4,1476,1
Epidemic,SSA,2006,6329,186279,51
Flood,SSA,2006,1448,2056515,51
Mass movement (wet),SSA,2006,24,2000,1
Storm,SSA,2006,8,89622,5
Volcanic activity,SSA,2006,0,0,1
Storm,SWZ,2006,1,6535,1
Epidemic,SYC,2006,0,5461,1
Epidemic,TCD,2006,20,216,1
Flood,TCD,2006,52,0,1
Flood,TGO,2006,0,2000,1
Drought,TZA,2006,0,3700000,1
Epidemic,TZA,2006,15,300,1
Epidemic,TZA,2006,50,106,1
Epidemic,TZA,2006,5,820,1
Epidemic,TZA,2006,0,184,1
Flood,TZA,2006,0,19000,1
Flood,TZA,2006,0,2528,1
Epidemic,UGA,2006,43,403,1
Epidemic,UGA,2006,100,3649,1
Epidemic,UGA,2006,49,551,1
Epidemic,UGA,2006,11,1099,1
Flood,UGA,2006,3,1680,1
Flood,UGA,2006,0,4000,1
Flood,ZAF,2006,6,4160,1
Flood,ZAF,2006,6,3000,1
Epidemic,ZMB,2006,5,105,1
Drought,AFE,2007,0,4025000,5
Epidemic,AFE,2007,2841,87711,17
Extreme temperature,AFE,2007,22,0,1
Flood,AFE,2007,527,3922751,33
Mass movement (wet),AFE,2007,20,6,1
Storm,AFE,2007,93,385281,5
Volcanic activity,AFE,2007,5,2000,1
Wildfire,AFE,2007,28,3100,2
Epidemic,AFW,2007,1826,44050,6
Flood,AFW,2007,311,1127003,23
Storm,AFW,2007,14,3645,2
Epidemic,AGO,2007,515,17875,1
Epidemic,AGO,2007,0,468,1
Flood,AGO,2007,0,6000,1
Flood,AGO,2007,105,40000,1
Flood,BDI,2007,4,23000,1
Flood,BDI,2007,1,2701,1
Flood,BEN,2007,10,10884,1
Epidemic,BFA,2007,1490,20765,1
Flood,BFA,2007,52,121043,1
Flood,CAF,2007,1,7812,1
Epidemic,CIV,2007,30,150,1
Flood,CIV,2007,0,2000,1
Flood,CMR,2007,8,10296,1
Epidemic,COD,2007,6,47,1
Epidemic,COD,2007,166,372,1
Flood,COD,2007,32,1600,1
Flood,COG,2007,0,25000,1
Epidemic,COM,2007,29,1490,1
Flood,ETH,2007,0,5800,1
Flood,ETH,2007,17,239586,1
Volcanic activity,ETH,2007,5,2000,1
Epidemic,GAB,2007,0,17900,1
Flood,GHA,2007,56,332600,1
Epidemic,GIN,2007,90,2410,1
Flood,GIN,2007,0,20685,1
Flood,GMB,2007,0,300,1
Flood,KEN,2007,2,651,1
Flood,KEN,2007,13,40000,1
Flood,KEN,2007,4,2000,1
Mass movement (wet),KEN,2007,20,6,1
Flood,LBR,2007,1,17000,1
Storm,LBR,2007,0,3500,1
Drought,LSO,2007,0,475000,1
Flood,MDG,2007,7,33000,1
Storm,MDG,2007,1,7313,1
Storm,MDG,2007,80,215198,1
Flood,MLI,2007,9,47255,1
Flood,MLI,2007,9,41603,1
Drought,MOZ,2007,0,520000,1
Epidemic,MOZ,2007,78,7547,1
Flood,MOZ,2007,29,285000,1
Flood,MOZ,2007,5,3500,1
Flood,MOZ,2007,20,113535,1
Flood,MOZ,2007,0,0,1
Storm,MOZ,2007,10,162770,1
Flood,MRT,2007,2,53620,1
Flood,MRT,2007,1,500,1
Storm,MUS,2007,2,0,1
Drought,MWI,2007,0,520000,1
Flood,MWI,2007,2,17719,1
Flood,MWI,2007,0,2000,1
Flood,MWI,2007,0,180246,1
Flood,MWI,2007,0,2000,1
Epidemic,NAM,2007,7,250,1
Flood,NAM,2007,7,15000,1
Flood,NER,2007,7,57274,1
Epidemic,NGA,2007,200,0,1
Flood,NGA,2007,68,50000,1
Flood,NGA,2007,17,0,1
Flood,NGA,2007,6,5000,1
Flood,RWA,2007,10,500,1
Flood,RWA,2007,20,4000,1
Epidemic,SDN,2007,58,890,1
Epidemic,SDN,2007,430,6516,1
Epidemic,SDN,2007,96,233,1
Flood,SDN,2007,150,565335,1
Epidemic,SEN,2007,16,2825,1
Flood,SEN,2007,8,5300,1
Flood,SLE,2007,0,4500,1
Epidemic,SOM,2007,1133,35687,1
Flood,SOM,2007,4,8000,1
Flood,SOM,2007,21,2012,1
Drought,SSA,2007,0,4025000,5
Epidemic,SSA,2007,4667,131761,23
Extreme temperature,SSA,2007,22,0,1
Flood,SSA,2007,838,5049754,56
Mass movement (wet),SSA,2007,20,6,1
Storm,SSA,2007,107,388926,7
Volcanic activity,SSA,2007,5,2000,1
Wildfire,SSA,2007,28,3100,2
Drought,SWZ,2007,0,410000,1
Wildfire,SWZ,2007,2,1500,1
Flood,TCD,2007,12,170000,1
Flood,TCD,2007,3,3000,1
Storm,TCD,2007,14,145,1
Flood,TGO,2007,41,141331,1
Epidemic,TZA,2007,109,264,1
Epidemic,TZA,2007,10,20,1
Epidemic,UGA,2007,36,176,1
Epidemic,UGA,2007,96,5761,1
Flood,UGA,2007,29,718045,1
Flood,UGA,2007,4,3000,1
Extreme temperature,ZAF,2007,22,0,1
Flood,ZAF,2007,0,38000,1
Wildfire,ZAF,2007,26,1600,1
Epidemic,ZMB,2007,5,115,1
Flood,ZMB,2007,4,1400000,1
Flood,ZMB,2007,0,118755,1
Flood,ZMB,2007,10,34766,1
Drought,ZWE,2007,0,2100000,1
Epidemic,ZWE,2007,67,10000,1
Flood,ZWE,2007,3,15000,1
Flood,ZWE,2007,24,2000,1
Storm,ZWE,2007,0,0,1
Drought,AFE,2008,4,17602500,8
Earthquake,AFE,2008,47,17998,2
Epidemic,AFE,2008,5066,156622,15
Flood,AFE,2008,352,566069,27
Mass movement (wet),AFE,2008,10,20,1
Storm,AFE,2008,129,761940,9
Wildfire,AFE,2008,83,3048,2
Epidemic,AFW,2008,1423,75680,17
Flood,AFW,2008,50,370404,17
Storm,AFW,2008,0,300,1
Epidemic,AGO,2008,134,7495,1
Flood,AGO,2008,7,81400,1
Drought,BDI,2008,0,82500,1
Flood,BDI,2008,6,500,1
Flood,BDI,2008,3,2775,1
Epidemic,BEN,2008,29,269,1
Epidemic,BEN,2008,2,527,1
Epidemic,BEN,2008,2,192,1
Flood,BEN,2008,15,158235,1
Epidemic,BFA,2008,250,2000,1
Epidemic,BFA,2008,300,51000,1
Flood,BFA,2008,0,560,1
Flood,BFA,2008,6,4310,1
Epidemic,BWA,2008,2,15,1
Flood,CAF,2008,0,795,1
Epidemic,CIV,2008,44,0,1
Flood,CIV,2008,6,450,1
Flood,CMR,2008,9,25000,1
Earthquake,COD,2008,11,17355,1
Flood,COD,2008,15,502,1
Storm,COD,2008,10,8,1
Epidemic,COG,2008,1,103,1
Epidemic,COG,2008,25,527,1
Drought,ERI,2008,0,1700000,1
Drought,ETH,2008,0,6400000,1
Epidemic,ETH,2008,20,3134,1
Flood,ETH,2008,29,845,1
Flood,ETH,2008,5,91764,1
Flood,ETH,2008,11,23831,1
Flood,GHA,2008,0,58000,1
Flood,GIN,2008,0,4200,1
Flood,GMB,2008,0,400,1
Storm,GMB,2008,0,300,1
Epidemic,GNB,2008,221,14004,1
Flood,GNB,2008,0,750,1
Drought,KEN,2008,4,3800000,1
Epidemic,KEN,2008,43,0,1
Flood,KEN,2008,0,700,1
Flood,KEN,2008,2,10000,1
Flood,KEN,2008,16,8658,1
Flood,KEN,2008,3,6000,1
Flood,KEN,2008,17,6310,1
Flood,KEN,2008,17,30770,1
Mass movement (wet),KEN,2008,10,20,1
Flood,LBR,2008,0,340,1
Storm,LSO,2008,0,4500,1
Drought,MDG,2008,0,720000,1
Epidemic,MDG,2008,20,520,1
Storm,MDG,2008,12,8613,1
Storm,MDG,2008,93,524153,1
Storm,MDG,2008,0,400,1
Flood,MLI,2008,0,2500,1
Drought,MOZ,2008,0,500000,1
Epidemic,MOZ,2008,155,19310,1
Flood,MOZ,2008,25,3500,1
Storm,MOZ,2008,9,220013,1
Wildfire,MOZ,2008,49,3023,1
Epidemic,MWI,2008,113,5269,1
Flood,MWI,2008,0,16380,1
Epidemic,NAM,2008,9,203,1
Flood,NAM,2008,42,65000,1
Epidemic,NER,2008,111,1991,1
Epidemic,NER,2008,62,814,1
Flood,NER,2008,7,32000,1
Epidemic,NGA,2008,97,0,1
Epidemic,NGA,2008,35,0,1
Epidemic,NGA,2008,46,66,1
Earthquake,RWA,2008,36,643,1
Flood,RWA,2008,0,11346,1
Epidemic,SDN,2008,3,163,1
Epidemic,SDN,2008,12,49,1
Flood,SEN,2008,1,23600,1
Epidemic,SLE,2008,170,1746,1
Drought,SOM,2008,0,3300000,1
Epidemic,SOM,2008,13,663,1
Flood,SOM,2008,0,52000,1
Drought,SSA,2008,4,17602500,8
Earthquake,SSA,2008,47,17998,2
Epidemic,SSA,2008,6489,232302,32
Flood,SSA,2008,402,936473,44
Mass movement (wet),SSA,2008,10,20,1
Storm,SSA,2008,129,762240,10
Wildfire,SSA,2008,83,3048,2
Flood,SSD,2008,0,38891,1
Flood,SSD,2008,17,3000,1
Flood,SSD,2008,0,50900,1
Flood,SWZ,2008,0,2500,1
Epidemic,TCD,2008,22,1755,1
Flood,TCD,2008,0,6450,1
Flood,TCD,2008,0,8000,1
Epidemic,TGO,2008,6,686,1
Flood,TGO,2008,6,44814,1
Flood,TZA,2008,72,7957,1
Flood,TZA,2008,1,1500,1
Storm,TZA,2008,0,274,1
Storm,TZA,2008,0,403,1
Drought,UGA,2008,0,1100000,1
Epidemic,UGA,2008,28,388,1
Flood,UGA,2008,49,30040,1
Epidemic,ZAF,2008,65,12752,1
Flood,ZAF,2008,11,4000,1
Storm,ZAF,2008,5,3576,1
Wildfire,ZAF,2008,34,25,1
Epidemic,ZMB,2008,173,8312,1
Flood,ZMB,2008,4,15000,1
Epidemic,ZWE,2008,4276,98349,1
Drought,AFE,2009,0,10680000,3
Earthquake,AFE,2009,4,20736,2
Epidemic,AFE,2009,1143,105786,20
Flood,AFE,2009,315,1536665,19
Storm,AFE,2009,45,138907,7
Wildfire,AFE,2009,0,125,1
Drought,AFW,2009,0,10300000,2
Epidemic,AFW,2009,2506,65220,8
Flood,AFW,2009,247,1034614,21
Mass movement (wet),AFW,2009,27,10006,1
Storm,AFW,2009,3,16922,5
Epidemic,AGO,2009,9,143,1
Epidemic,AGO,2009,107,25795,1
Flood,AGO,2009,2,415,1
Flood,AGO,2009,60,220000,1
Flood,AGO,2009,0,4650,1
Drought,BDI,2009,0,180000,1
Flood,BDI,2009,0,8000,1
Flood,BEN,2009,7,60238,1
Flood,BEN,2009,3,59419,1
Storm,BEN,2009,0,800,1
Epidemic,BFA,2009,389,2892,1
Flood,BFA,2009,0,500,1
Flood,BFA,2009,9,151000,1
Flood,BWA,2009,0,867,1
Flood,BWA,2009,0,3789,1
Storm,BWA,2009,0,400,1
Flood,CAF,2009,1,11000,1
Storm,CAF,2009,3,2472,1
Storm,CAF,2009,0,10500,1
Mass movement (wet),CIV,2009,27,10006,1
Epidemic,CMR,2009,109,1456,1
Epidemic,COD,2009,18,314,1
Epidemic,COD,2009,102,10070,1
Epidemic,COD,2009,61,5639,1
Epidemic,COD,2009,29,100,1
Flood,COD,2009,0,5000,1
Wildfire,COD,2009,0,125,1
Flood,COM,2009,2,2500,1
Epidemic,CPV,2009,6,20147,1
Flood,CPV,2009,3,150,1
Drought,ETH,2009,0,6200000,1
Epidemic,ETH,2009,135,13652,1
Storm,GAB,2009,0,800,1
Flood,GHA,2009,16,19755,1
Flood,GHA,2009,24,139790,1
Flood,GIN,2009,2,40000,1
Flood,GMB,2009,5,14258,1
Storm,GMB,2009,0,2350,1
Epidemic,KEN,2009,201,10048,1
Epidemic,KEN,2009,24,193,1
Epidemic,KEN,2009,26,205,1
Flood,KEN,2009,16,44850,1
Flood,KEN,2009,40,91350,1
Flood,LBR,2009,2,584,1
Epidemic,MDG,2009,0,702,1
Storm,MDG,2009,12,62505,1
Storm,MDG,2009,0,3376,1
Storm,MDG,2009,15,64918,1
Epidemic,MLI,2009,10,86,1
Flood,MLI,2009,25,20406,1
Epidemic,MOZ,2009,43,466,1
Epidemic,MOZ,2009,155,19310,1
Flood,MOZ,2009,0,6925,1
Storm,MOZ,2009,0,7103,1
Flood,MRT,2009,1,10000,1
Earthquake,MWI,2009,1,15015,1
Earthquake,MWI,2009,3,5721,1
Epidemic,MWI,2009,62,11461,1
Flood,NAM,2009,92,350000,1
Drought,NER,2009,0,7900000,1
Epidemic,NER,2009,169,4513,1
Flood,NER,2009,3,79129,1
Epidemic,NGA,2009,1701,35255,1
Epidemic,NGA,2009,20,0,1
Flood,NGA,2009,0,150000,1
Flood,NGA,2009,31,0,1
Flood,SDN,2009,20,111455,1
Flood,SEN,2009,6,264000,1
Flood,SLE,2009,103,1470,1
Flood,SOM,2009,0,1750,1
Drought,SSA,2009,0,20980000,5
Earthquake,SSA,2009,4,20736,2
Epidemic,SSA,2009,3649,171006,28
Flood,SSA,2009,562,2571279,40
Mass movement (wet),SSA,2009,27,10006,1
Storm,SSA,2009,48,155829,12
Wildfire,SSA,2009,0,125,1
Drought,SSD,2009,0,4300000,1
Drought,TCD,2009,0,2400000,1
Epidemic,TCD,2009,102,871,1
Flood,TCD,2009,3,4895,1
Flood,TCD,2009,3,8020,1
Flood,TGO,2009,0,0,1
Epidemic,TZA,2009,12,600,1
Flood,TZA,2009,20,0,1
Flood,TZA,2009,18,50000,1
Storm,TZA,2009,0,605,1
Epidemic,UGA,2009,8,368,1
Epidemic,UGA,2009,9,176,1
Flood,ZAF,2009,3,300,1
Flood,ZAF,2009,11,20000,1
Storm,ZAF,2009,18,0,1
Epidemic,ZMB,2009,87,5198,1
Flood,ZMB,2009,31,614814,1
Epidemic,ZWE,2009,5,146,1
Epidemic,ZWE,2009,50,1200,1
Drought,AFE,2010,20000,6127618,3
Epidemic,AFE,2010,229,12825,9
Flood,AFE,2010,298,1037007,22
Mass movement (wet),AFE,2010,474,20049,6
Storm,AFE,2010,169,199632,3
Wildfire,AFE,2010,8,2770,1
Drought,AFW,2010,0,1438000,2
Epidemic,AFW,2010,3901,66100,17
Flood,AFW,2010,272,3284961,26
Mass movement (wet),AFW,2010,16,5,1
Storm,AFW,2010,0,3530,2
Flood,AGO,2010,7,110886,1
Flood,AGO,2010,0,75000,1
Flood,AGO,2010,18,3895,1
Flood,BDI,2010,0,1000,1
Flood,BDI,2010,0,990,1
Storm,BDI,2010,9,1500,1
Epidemic,BEN,2010,16,104,1
Epidemic,BEN,2010,2,133,1
Epidemic,BEN,2010,7,800,1
Flood,BEN,2010,46,831000,1
Epidemic,BFA,2010,841,5960,1
Flood,BFA,2010,16,133362,1
Flood,CAF,2010,3,1585,1
Flood,CIV,2010,8,0,1
Flood,CIV,2010,10,6425,1
Epidemic,CMR,2010,515,7869,1
Flood,CMR,2010,13,3095,1
Epidemic,COD,2010,31,3984,1
Epidemic,COD,2010,25,358,1
Flood,COD,2010,0,67500,1
Flood,COD,2010,0,3000,1
Mass movement (wet),COD,2010,46,1167,1
Wildfire,COD,2010,8,2770,1
Epidemic,COG,2010,219,524,1
Epidemic,ETH,2010,16,967,1
Flood,ETH,2010,0,55700,1
Flood,ETH,2010,19,25000,1
Epidemic,GAB,2010,0,443,1
Epidemic,GAB,2010,0,108,1
Storm,GAB,2010,0,1765,1
Storm,GAB,2010,0,1765,1
Epidemic,GHA,2010,27,100,1
Flood,GHA,2010,45,7500,1
Flood,GHA,2010,18,9674,1
Flood,GIN,2010,7,7615,1
Flood,GIN,2010,1,40411,1
Flood,GMB,2010,8,21194,1
Flood,GMB,2010,1,17767,1
Flood,GNB,2010,2,56792,1
Epidemic,KEN,2010,46,2834,1
Epidemic,KEN,2010,11,1046,1
Flood,KEN,2010,94,141164,1
Flood,KEN,2010,100,70000,1
Mass movement (wet),KEN,2010,10,0,1
Flood,LBR,2010,1,15486,1
Storm,MDG,2010,120,192132,1
Drought,MLI,2010,0,600000,1
Flood,MLI,2010,0,16000,1
Flood,MLI,2010,0,16000,1
Drought,MOZ,2010,0,460000,1
Epidemic,MOZ,2010,44,3188,1
Flood,MOZ,2010,5,17000,1
Drought,MRT,2010,0,838000,1
Flood,MRT,2010,0,8750,1
Flood,MWI,2010,0,21290,1
Flood,NAM,2010,8,110000,1
Epidemic,NER,2010,87,977,1
Epidemic,NER,2010,16,240,1
Flood,NER,2010,2,6615,1
Flood,NER,2010,3,226611,1
Epidemic,NGA,2010,156,1500,1
Epidemic,NGA,2010,1716,41787,1
Flood,NGA,2010,40,1500200,1
Mass movement (wet),RWA,2010,14,5937,1
Mass movement (wet),RWA,2010,7,0,1
Flood,SDN,2010,33,10000,1
Flood,SDN,2010,3,16362,1
Flood,SEN,2010,2,22125,1
Flood,SEN,2010,0,80391,1
Flood,SLE,2010,0,234,1
Mass movement (wet),SLE,2010,16,5,1
Drought,SOM,2010,20000,4000000,1
Flood,SOM,2010,0,16000,1
Flood,SOM,2010,11,200,1
Drought,SSA,2010,20000,7565618,5
Epidemic,SSA,2010,4130,78925,26
Flood,SSA,2010,570,4321968,48
Mass movement (wet),SSA,2010,490,20054,7
Storm,SSA,2010,169,203162,5
Wildfire,SSA,2010,8,2770,1
Flood,SSD,2010,0,0,1
Flood,SSD,2010,0,290000,1
Epidemic,TCD,2010,115,1090,1
Epidemic,TCD,2010,32,2499,1
Epidemic,TCD,2010,92,1730,1
Flood,TCD,2010,24,144579,1
Epidemic,TGO,2010,60,236,1
Flood,TGO,2010,21,82000,1
Flood,TGO,2010,1,29550,1
Epidemic,UGA,2010,48,190,1
Mass movement (wet),UGA,2010,388,12795,1
Storm,ZAF,2010,40,6000,1
Flood,ZMB,2010,0,1200,1
Mass movement (wet),ZMB,2010,9,150,1
Drought,ZWE,2010,0,1667618,1
Epidemic,ZWE,2010,3,120,1
Epidemic,ZWE,2010,5,138,1
Flood,ZWE,2010,0,820,1
Drought,AFE,2011,0,15250194,7
Epidemic,AFE,2011,706,30822,5
Flood,AFE,2011,430,1229949,29
Storm,AFE,2011,108,121665,7
Drought,AFW,2011,0,10923000,5
Epidemic,AFW,2011,2169,80524,11
Flood,AFW,2011,232,215687,14
Storm,AFW,2011,12,1843,2
Flood,AGO,2011,17,0,1
Flood,AGO,2011,113,65084,1
Flood,AGO,2011,0,5500,1
Flood,AGO,2011,0,20100,1
Drought,BDI,2011,0,0,1
Epidemic,BDI,2011,12,600,1
Flood,BDI,2011,0,685,1
Storm,BDI,2011,12,50,1
Flood,BEN,2011,0,5840,1
Drought,BFA,2011,0,2850000,1
Flood,BWA,2011,0,0,1
Epidemic,CAF,2011,16,172,1
Flood,CAF,2011,0,2935,1
Storm,CAF,2011,1,1831,1
Epidemic,CMR,2011,639,16706,1
Epidemic,COD,2011,33,6524,1
Epidemic,COD,2011,603,22233,1
Flood,COD,2011,0,2000,1
Flood,COD,2011,0,6000,1
Epidemic,COG,2011,32,708,1
Epidemic,COG,2011,0,9424,1
Epidemic,COG,2011,33,687,1
Drought,ETH,2011,0,4805679,1
Flood,ETH,2011,0,40200,1
Epidemic,GHA,2011,101,10002,1
Flood,GHA,2011,6,12571,1
Flood,GHA,2011,14,81473,1
Flood,GIN,2011,0,20143,1
Drought,KEN,2011,0,4300000,1
Drought,KEN,2011,0,3750000,1
Flood,KEN,2011,8,4000,1
Flood,KEN,2011,0,5000,1
Flood,KEN,2011,25,91692,1
Drought,LSO,2011,0,725515,1
Flood,LSO,2011,26,5000,1
Flood,LSO,2011,0,0,1
Storm,MDG,2011,35,115215,1
Drought,MLI,2011,0,3500000,1
Epidemic,MLI,2011,49,1190,1
Flood,MLI,2011,1,15415,1
Epidemic,MOZ,2011,13,325,1
Flood,MOZ,2011,11,30000,1
Flood,MOZ,2011,0,33946,1
Storm,MOZ,2011,12,0,1
Drought,MRT,2011,0,723000,1
Flood,MWI,2011,0,33946,1
Flood,MWI,2011,4,23291,1
Flood,MWI,2011,0,26350,1
Flood,NAM,2011,108,500000,1
Drought,NER,2011,0,3000000,1
Epidemic,NER,2011,48,2130,1
Flood,NER,2011,7,13000,1
Flood,NER,2011,9,28175,1
Epidemic,NGA,2011,694,21382,1
Flood,NGA,2011,20,26965,1
Flood,NGA,2011,24,950,1
Flood,NGA,2011,120,3000,1
Flood,NGA,2011,10,0,1
Storm,NGA,2011,11,12,1
Flood,RWA,2011,14,3608,1
Storm,SDN,2011,20,30,1
Drought,SEN,2011,0,850000,1
Flood,SEN,2011,0,5220,1
Flood,SLE,2011,21,0,1
Flood,SOM,2011,0,2800,1
Drought,SSA,2011,0,26173194,12
Epidemic,SSA,2011,2875,111346,16
Flood,SSA,2011,662,1445636,43
Storm,SSA,2011,120,123508,9
Epidemic,TCD,2011,124,2085,1
Epidemic,TCD,2011,433,16038,1
Drought,TZA,2011,0,1000000,1
Flood,TZA,2011,20,50200,1
Flood,TZA,2011,8,9000,1
Flood,TZA,2011,9,6776,1
Drought,UGA,2011,0,669000,1
Flood,UGA,2011,27,63075,1
Storm,UGA,2011,23,47,1
Flood,ZAF,2011,40,200321,1
Storm,ZAF,2011,1,2773,1
Storm,ZAF,2011,5,3550,1
Flood,ZMB,2011,0,1375,1
Epidemic,ZWE,2011,45,1140,1
Flood,ZWE,2011,0,0,1
Drought,AFE,2012,0,10933900,5
Epidemic,AFE,2012,937,30437,9
Flood,AFE,2012,223,917222,15
Mass movement (wet),AFE,2012,18,3432,1
Storm,AFE,2012,145,452949,8
Drought,AFW,2012,0,2040000,3
Epidemic,AFW,2012,676,40584,8
Flood,AFW,2012,560,8417889,12
Storm,AFW,2012,15,18893,3
Drought,AGO,2012,0,1833900,1
Flood,BEN,2012,4,55000,1
Flood,BFA,2012,18,21000,1
Storm,CAF,2012,0,1943,1
Storm,CAF,2012,0,1950,1
Drought,CMR,2012,0,12000,1
Flood,CMR,2012,15,31980,1
Flood,CMR,2012,10,20000,1
Epidemic,COD,2012,40,600,1
Epidemic,COD,2012,20,201,1
Epidemic,COD,2012,36,33,1
Epidemic,COD,2012,512,22792,1
Flood,COD,2012,1,4535,1
Flood,COG,2012,5,2025,1
Flood,COG,2012,14,7589,1
Flood,COM,2012,4,65137,1
Drought,ETH,2012,0,1000000,1
Flood,GAB,2012,1,77845,1
Epidemic,GHA,2012,38,4975,1
Epidemic,GHA,2012,38,466,1
Epidemic,GIN,2012,105,5523,1
Drought,GMB,2012,0,428000,1
Flood,KEN,2012,73,280670,1
Storm,MDG,2012,0,300,1
Storm,MDG,2012,35,250284,1
Storm,MDG,2012,77,85015,1
Storm,MOZ,2012,10,65000,1
Storm,MOZ,2012,20,40042,1
Storm,MOZ,2012,3,4958,1
Drought,MWI,2012,0,1900000,1
Flood,MWI,2012,0,26350,1
Flood,MWI,2012,4,64385,1
Storm,MWI,2012,0,6000,1
Flood,NAM,2012,0,650,1
Epidemic,NER,2012,81,4433,1
Epidemic,NER,2012,16,441,1
Flood,NER,2012,91,530952,1
Epidemic,NGA,2012,10,29,1
Flood,NGA,2012,363,7000867,1
Storm,NGA,2012,15,15000,1
Flood,RWA,2012,5,11160,1
Drought,SDN,2012,0,3200000,1
Epidemic,SDN,2012,171,678,1
Flood,SDN,2012,35,135135,1
Flood,SEN,2012,19,57000,1
Epidemic,SLE,2012,300,23009,1
Drought,SOM,2012,0,3000000,1
Flood,SOM,2012,6,12200,1
Flood,SOM,2012,25,20000,1
Drought,SSA,2012,0,12973900,8
Epidemic,SSA,2012,1613,71021,17
Flood,SSA,2012,783,9335111,27
Mass movement (wet),SSA,2012,18,3432,1
Storm,SSA,2012,160,471842,11
Flood,SSD,2012,15,3000,1
Flood,SSD,2012,32,154000,1
Drought,TCD,2012,0,1600000,1
Epidemic,TCD,2012,88,1708,1
Flood,TCD,2012,20,594831,1
Flood,TCD,2012,0,18800,1
Flood,TZA,2012,10,0,1
Epidemic,UGA,2012,118,5279,1
Epidemic,UGA,2012,35,116,1
Epidemic,UGA,2012,3,585,1
Flood,UGA,2012,0,15000,1
Mass movement (wet),UGA,2012,18,3432,1
Flood,ZAF,2012,13,125000,1
Storm,ZAF,2012,0,1350,1
Epidemic,ZMB,2012,2,153,1
Drought,AFE,2013,0,5080000,2
Epidemic,AFE,2013,270,220283,10
Flood,AFE,2013,602,1683170,19
Storm,AFE,2013,216,193129,5
Epidemic,AFW,2013,47,2428,5
Flood,AFW,2013,113,595706,14
Storm,AFW,2013,0,8744,1
Wildfire,AFW,2013,1,5016,2
Flood,AGO,2013,9,1000,1
Epidemic,BEN,2013,6,486,1
Flood,BEN,2013,0,32735,1
Wildfire,BEN,2013,1,2759,1
Flood,BFA,2013,2,11396,1
Flood,BWA,2013,12,4210,1
Flood,CAF,2013,0,32993,1
Storm,CAF,2013,0,8744,1
Flood,CMR,2013,0,805,1
Epidemic,COG,2013,16,1071,1
Epidemic,ETH,2013,55,141,1
Epidemic,ETH,2013,55,141,1
Epidemic,ETH,2013,0,6,1
Flood,ETH,2013,0,51500,1
Epidemic,GHA,2013,18,560,1
Flood,GHA,2013,5,25000,1
Epidemic,GIN,2013,0,143,1
Flood,GIN,2013,0,11106,1
Flood,GMB,2013,2,3300,1
Flood,KEN,2013,96,100020,1
Flood,KEN,2013,0,5000,1
Flood,KEN,2013,18,10780,1
Flood,KEN,2013,14,0,1
Epidemic,MDG,2013,113,660,1
Storm,MDG,2013,9,4598,1
Storm,MDG,2013,42,40281,1
Flood,MLI,2013,37,34700,1
Flood,MLI,2013,0,11300,1
Epidemic,MOZ,2013,2,317,1
Flood,MOZ,2013,119,240000,1
Flood,MRT,2013,8,6530,1
Flood,MUS,2013,11,82,1
Flood,MWI,2013,3,33000,1
Drought,NAM,2013,0,780000,1
Epidemic,NAM,2013,17,518,1
Flood,NAM,2013,0,14500,1
Flood,NER,2013,32,165943,1
Flood,NER,2013,0,15086,1
Flood,NGA,2013,19,81506,1
Flood,SDN,2013,76,500133,1
Flood,SEN,2013,8,163306,1
Wildfire,SLE,2013,0,2257,1
Flood,SOM,2013,7,50000,1
Flood,SOM,2013,0,55000,1
Storm,SOM,2013,162,142380,1
Drought,SSA,2013,0,5080000,2
Epidemic,SSA,2013,317,222711,15
Flood,SSA,2013,715,2278876,33
Storm,SSA,2013,216,201873,6
Wildfire,SSA,2013,1,5016,2
Epidemic,SSD,2013,0,3,1
Flood,SSD,2013,1,156000,1
Flood,SSD,2013,98,425000,1
Storm,SYC,2013,0,3000,1
Epidemic,TGO,2013,7,168,1
Epidemic,UGA,2013,7,217712,1
Epidemic,UGA,2013,2,129,1
Epidemic,UGA,2013,19,656,1
Flood,UGA,2013,13,25445,1
Storm,ZAF,2013,3,2870,1
Flood,ZMB,2013,0,1800,1
Drought,ZWE,2013,0,4300000,1
Flood,ZWE,2013,125,9700,1
Drought,AFE,2014,0,2155624,3
Earthquake,AFE,2014,1,12002,2
Epidemic,AFE,2014,313,15080,5
Flood,AFE,2014,399,524444,14
Mass movement (wet),AFE,2014,11,0,1
Storm,AFE,2014,17,13847,3
Drought,AFW,2014,0,4639702,2
Epidemic,AFW,2014,12592,124809,13
Flood,AFW,2014,97,425578,5
Volcanic activity,AFW,2014,0,2500,1
Flood,BDI,2014,96,12682,1
Drought,BFA,2014,0,4000000,1
Flood,CIV,2014,23,0,1
Flood,CIV,2014,23,0,1
Epidemic,CMR,2014,77,1680,1
Epidemic,CMR,2014,34,376,1
Flood,CMR,2014,0,250000,1
Epidemic,COD,2014,49,17,1
Flood,COD,2014,154,4750,1
Mass movement (wet),COD,2014,11,0,1
Earthquake,COM,2014,0,10000,1
Storm,COM,2014,0,9511,1
Volcanic activity,CPV,2014,0,2500,1
Epidemic,GHA,2014,249,56469,1
Epidemic,GIN,2014,2544,3814,1
Epidemic,GMB,2014,0,0,1
Drought,KEN,2014,0,1600000,1
Epidemic,KEN,2014,72,3459,1
Epidemic,LBR,2014,4810,10682,1
Storm,LSO,2014,0,2600,1
Drought,MDG,2014,0,20000,1
Storm,MDG,2014,17,1736,1
Epidemic,MLI,2014,6,7,1
Epidemic,MOZ,2014,43,5118,1
Flood,MOZ,2014,17,75986,1
Flood,MOZ,2014,5,300,1
Epidemic,NER,2014,8,183,1
Epidemic,NER,2014,145,1456,1
Flood,NER,2014,36,165578,1
Epidemic,NGA,2014,8,21,1
Epidemic,NGA,2014,755,35996,1
Flood,NGA,2014,15,10000,1
Flood,SDN,2014,39,266204,1
Drought,SEN,2014,0,639702,1
Epidemic,SEN,2014,0,1,1
Epidemic,SLE,2014,3956,14124,1
Drought,SOM,2014,0,535624,1
Flood,SOM,2014,0,90000,1
Drought,SSA,2014,0,6795326,5
Earthquake,SSA,2014,1,12002,2
Epidemic,SSA,2014,12905,139889,18
Flood,SSA,2014,496,950022,19
Mass movement (wet),SSA,2014,11,0,1
Storm,SSA,2014,17,13847,3
Volcanic activity,SSA,2014,0,2500,1
Epidemic,SSD,2014,22,586,1
Epidemic,SSD,2014,127,5900,1
Flood,SWZ,2014,11,400,1
Flood,SYC,2014,0,4435,1
Flood,TZA,2014,3,20000,1
Flood,TZA,2014,28,20000,1
Earthquake,ZAF,2014,1,2002,1
Flood,ZAF,2014,32,7185,1
Flood,ZMB,2014,0,20000,1
Flood,ZWE,2014,3,1002,1
Flood,ZWE,2014,11,1500,1
Drought,AFE,2015,0,27680000,7
Earthquake,AFE,2015,3,390,1
Epidemic,AFE,2015,1024,44833,6
Extreme temperature,AFE,2015,16,0,1
Flood,AFE,2015,812,2420655,19
Mass movement (wet),AFE,2015,20,3000,1
Storm,AFE,2015,157,220824,7
Wildfire,AFE,2015,3,57003,1
Drought,AFW,2015,0,2651228,2
Epidemic,AFW,2015,212,7125,5
Flood,AFW,2015,157,307313,9
Mass movement (wet),AFW,2015,7,492,1
Storm,AFW,2015,10,1116,2
Epidemic,AGO,2015,384,4599,1
Flood,AGO,2015,5,2000,1
Flood,AGO,2015,1,2000,1
Flood,AGO,2015,69,1000,1
Flood,BDI,2015,52,4179,1
Mass movement (wet),BDI,2015,20,3000,1
Flood,BFA,2015,8,28925,1
Drought,BWA,2015,0,0,1
Storm,CAF,2015,1,1116,1
Flood,CIV,2015,16,0,1
Epidemic,CMR,2015,0,858,1
Flood,CMR,2015,4,30000,1
Earthquake,COD,2015,3,390,1
Flood,COD,2015,18,0,1
Flood,COD,2015,31,10560,1
Flood,COD,2015,0,180000,1
Wildfire,COD,2015,3,57003,1
Storm,CPV,2015,9,0,1
Drought,ETH,2015,0,10200000,1
Flood,ETH,2015,0,210600,1
Epidemic,GHA,2015,85,465,1
Flood,GHA,2015,25,5000,1
Flood,GIN,2015,9,29628,1
Mass movement (wet),GIN,2015,7,492,1
Drought,GMB,2015,0,63100,1
Flood,KEN,2015,13,1500,1
Flood,KEN,2015,13,3000,1
Flood,KEN,2015,112,240799,1
Flood,MDG,2015,26,24000,1
Storm,MDG,2015,89,174007,1
Storm,MDG,2015,6,36880,1
Flood,MLI,2015,5,2000,1
Flood,MOZ,2015,160,177645,1
Drought,MWI,2015,0,6700000,1
Epidemic,MWI,2015,11,693,1
Flood,MWI,2015,278,638645,1
Storm,MWI,2015,5,350,1
Drought,NAM,2015,0,580000,1
Drought,NER,2015,0,2588128,1
Epidemic,NER,2015,6,3370,1
Flood,NER,2015,27,87037,1
Epidemic,NGA,2015,97,2108,1
Flood,NGA,2015,53,100420,1
Flood,RWA,2015,2,3431,1
Drought,SDN,2015,0,800000,1
Extreme temperature,SDN,2015,16,0,1
Flood,SDN,2015,20,0,1
Flood,SLE,2015,10,24303,1
Drought,SOM,2015,0,6700000,1
Flood,SOM,2015,0,900000,1
Flood,SOM,2015,0,16296,1
Storm,SOM,2015,0,4000,1
Storm,SOM,2015,0,0,1
Drought,SSA,2015,0,30331228,9
Earthquake,SSA,2015,3,390,1
Epidemic,SSA,2015,1236,51958,11
Extreme temperature,SSA,2015,16,0,1
Flood,SSA,2015,969,2727968,28
Mass movement (wet),SSA,2015,27,3492,2
Storm,SSA,2015,167,221940,9
Wildfire,SSA,2015,3,57003,1
Epidemic,SSD,2015,47,1818,1
Epidemic,TGO,2015,24,324,1
Epidemic,TZA,2015,542,32879,1
Epidemic,TZA,2015,40,4833,1
Flood,TZA,2015,12,5000,1
Storm,TZA,2015,47,5112,1
Drought,ZAF,2015,0,2700000,1
Epidemic,ZWE,2015,0,11,1
Storm,ZWE,2015,10,475,1
Drought,AFE,2016,0,11641000,6
Earthquake,AFE,2016,21,140191,2
Epidemic,AFE,2016,655,21707,8
Extreme temperature,AFE,2016,11,20,1
Flood,AFE,2016,684,1080793,23
Mass movement (wet),AFE,2016,65,31030,2
Storm,AFE,2016,43,3700,2
Epidemic,AFW,2016,1344,16626,6
Flood,AFW,2016,142,208736,9
Storm,AFW,2016,28,1000,1
Flood,AGO,2016,54,0,1
Flood,AGO,2016,6,2755,1
Flood,AGO,2016,23,5600,1
Flood,AGO,2016,30,1544,1
Epidemic,BDI,2016,1,193,1
Epidemic,BEN,2016,13,678,1
Flood,BFA,2016,15,34893,1
Epidemic,CAF,2016,21,266,1
Flood,CIV,2016,20,0,1
Epidemic,COD,2016,0,551,1
Epidemic,COD,2016,55,2087,1
Flood,COD,2016,0,2635,1
Flood,COD,2016,50,10000,1
Flood,ETH,2016,28,3080,1
Flood,ETH,2016,100,490000,1
Epidemic,GHA,2016,0,172,1
Flood,GHA,2016,10,0,1
Drought,KEN,2016,0,3400000,1
Flood,KEN,2016,3,1000,1
Flood,KEN,2016,39,10000,1
Flood,LBR,2016,0,15431,1
Drought,LSO,2016,0,709000,1
Drought,MDG,2016,0,1140000,1
Flood,MLI,2016,13,9500,1
Drought,MOZ,2016,0,2300000,1
Flood,MOZ,2016,16,6600,1
Flood,MOZ,2016,47,165000,1
Storm,MOZ,2016,12,1700,1
Flood,MWI,2016,12,2800,1
Epidemic,NER,2016,23,78,1
Flood,NER,2016,50,123266,1
Flood,NER,2016,11,3000,1
Epidemic,NGA,2016,1166,14518,1
Epidemic,NGA,2016,121,914,1
Flood,NGA,2016,18,12000,1
Storm,NGA,2016,28,1000,1
Flood,RWA,2016,67,0,1
Mass movement (wet),RWA,2016,50,30030,1
Epidemic,SDN,2016,19,632,1
Flood,SDN,2016,171,200004,1
Flood,SEN,2016,5,10646,1
Epidemic,SOM,2016,497,14165,1
Flood,SOM,2016,9,0,1
Drought,SSA,2016,0,11641000,6
Earthquake,SSA,2016,21,140191,2
Epidemic,SSA,2016,1999,38333,14
Extreme temperature,SSA,2016,11,20,1
Flood,SSA,2016,826,1289529,32
Mass movement (wet),SSA,2016,65,31030,2
Storm,SSA,2016,71,4700,3
Drought,SSD,2016,0,3600000,1
Epidemic,SSD,2016,68,3826,1
Epidemic,SSD,2016,15,0,1
Flood,SSD,2016,0,22000,1
Drought,SWZ,2016,0,492000,1
Epidemic,SYC,2016,0,253,1
Earthquake,TZA,2016,17,139601,1
Flood,TZA,2016,3,58896,1
Flood,TZA,2016,0,53446,1
Flood,TZA,2016,13,27933,1
Earthquake,UGA,2016,4,590,1
Flood,UGA,2016,0,10000,1
Mass movement (wet),UGA,2016,15,1000,1
Extreme temperature,ZAF,2016,11,20,1
Flood,ZAF,2016,7,6900,1
Flood,ZAF,2016,6,600,1
Storm,ZWE,2016,31,2000,1
Drought,AFE,2017,0,9580000,4
Epidemic,AFE,2017,1381,58334,9
Flood,AFE,2017,194,173284,10
Mass movement (wet),AFE,2017,180,820,2
Storm,AFE,2017,362,1311367,7
Wildfire,AFE,2017,9,5500,1
Drought,AFW,2017,0,6981874,4
Epidemic,AFW,2017,207,14518,8
Flood,AFW,2017,118,1276857,12
Mass movement (wet),AFW,2017,1102,11916,1
Storm,AFW,2017,38,5742,3
Drought,AGO,2017,0,1420000,1
Flood,AGO,2017,11,30250,1
Mass movement (wet),BDI,2017,6,810,1
Epidemic,BFA,2017,18,9029,1
Flood,BFA,2017,2,882,1
Flood,BWA,2017,0,3250,1
Flood,CAF,2017,0,3500,1
Storm,CAF,2017,0,3690,1
Epidemic,CIV,2017,2,621,1
Flood,CIV,2017,15,225,1
Flood,CMR,2017,3,12890,1
Epidemic,COD,2017,43,1022,1
Flood,COD,2017,105,500,1
Mass movement (wet),COD,2017,174,10,1
Drought,CPV,2017,0,70000,1
Flood,GHA,2017,0,1000000,1
Storm,GHA,2017,20,12,1
Epidemic,GIN,2017,0,122,1
Flood,GIN,2017,0,3287,1
Flood,GMB,2017,6,20000,1
Epidemic,KEN,2017,0,453,1
Epidemic,KEN,2017,76,3967,1
Flood,KEN,2017,26,25000,1
Drought,MDG,2017,0,1260000,1
Epidemic,MDG,2017,207,2384,1
Storm,MDG,2017,81,434253,1
Epidemic,MOZ,2017,1,1799,1
Storm,MOZ,2017,7,750102,1
Drought,MRT,2017,0,3893774,1
Storm,MRT,2017,18,2040,1
Epidemic,MWI,2017,6,450,1
Flood,MWI,2017,0,55921,1
Flood,NAM,2017,0,2502,1
Drought,NER,2017,0,1131300,1
Epidemic,NER,2017,84,1294,1
Epidemic,NER,2017,34,1096,1
Flood,NER,2017,16,3000,1
Flood,NER,2017,56,206513,1
Epidemic,NGA,2017,0,146,1
Epidemic,NGA,2017,11,1558,1
Flood,NGA,2017,20,500,1
Flood,NGA,2017,0,10000,1
Storm,RWA,2017,0,679,1
Storm,RWA,2017,3,5874,1
Epidemic,SDN,2017,657,30762,1
Flood,SDN,2017,25,55647,1
Mass movement (wet),SLE,2017,1102,11916,1
Epidemic,SOM,2017,302,13126,1
Drought,SSA,2017,0,16561874,8
Epidemic,SSA,2017,1588,72852,17
Flood,SSA,2017,312,1450141,22
Mass movement (wet),SSA,2017,1282,12736,3
Storm,SSA,2017,400,1317109,10
Wildfire,SSA,2017,9,5500,1
Drought,TCD,2017,0,1886800,1
Epidemic,TCD,2017,58,652,1
Flood,TGO,2017,0,16060,1
Flood,TZA,2017,7,0,1
Flood,UGA,2017,17,14,1
Drought,ZAF,2017,0,0,1
Flood,ZAF,2017,3,200,1
Storm,ZAF,2017,9,6918,1
Storm,ZAF,2017,11,518,1
Wildfire,ZAF,2017,9,5500,1
Epidemic,ZMB,2017,89,4371,1
Drought,ZWE,2017,0,6900000,1
Storm,ZWE,2017,251,113023,1
Drought,AFE,2018,0,556000,1
Epidemic,AFE,2018,2434,122928,8
Flood,AFE,2018,333,1238652,21
Mass movement (wet),AFE,2018,130,333,5
Storm,AFE,2018,147,470190,4
Drought,AFW,2018,0,670600,2
Epidemic,AFW,2018,316,10193,5
Flood,AFW,2018,390,2206822,6
Storm,AFW,2018,3,11541,1
Epidemic,AGO,2018,2,139,1
Flood,AGO,2018,8,3000,1
Flood,BDI,2018,0,12000,1
Flood,BDI,2018,0,23000,1
Flood,BDI,2018,0,12956,1
Flood,BWA,2018,0,4225,1
Epidemic,CAF,2018,1,119,1
Flood,CIV,2018,20,25000,1
Epidemic,CMR,2018,57,942,1
Epidemic,COD,2018,33,10,1
Epidemic,COD,2018,2287,3470,1
Flood,COD,2018,51,15760,1
Epidemic,ETH,2018,0,4000,1
Mass movement (wet),ETH,2018,32,17,1
Mass movement (wet),ETH,2018,12,4,1
Flood,GHA,2018,34,100000,1
Storm,GNB,2018,3,11541,1
Flood,KEN,2018,15,0,1
Flood,KEN,2018,72,211188,1
Flood,KEN,2018,47,0,1
Epidemic,MDG,2018,0,98415,1
Storm,MDG,2018,73,161318,1
Storm,MDG,2018,21,50872,1
Flood,MLI,2018,0,13150,1
Flood,MOZ,2018,11,77150,1
Mass movement (wet),MOZ,2018,17,300,1
Drought,MRT,2018,0,350600,1
Storm,MUS,2018,0,30000,1
Flood,MWI,2018,1,300,1
Flood,MWI,2018,0,200,1
Flood,MWI,2018,4,9113,1
Drought,NAM,2018,0,556000,1
Epidemic,NER,2018,78,3824,1
Flood,NER,2018,36,130468,1
Epidemic,NGA,2018,90,1081,1
Flood,NGA,2018,101,15872,1
Flood,NGA,2018,199,1922332,1
Flood,RWA,2018,24,26051,1
Flood,RWA,2018,24,360,1
Flood,RWA,2018,10,0,1
Mass movement (wet),RWA,2018,18,12,1
Flood,SDN,2018,0,2750,1
Flood,SDN,2018,23,54666,1
Flood,SDN,2018,23,70060,1
Drought,SEN,2018,0,320000,1
Flood,SOM,2018,5,700000,1
Storm,SOM,2018,53,228000,1
Drought,SSA,2018,0,1226600,3
Epidemic,SSA,2018,2750,133121,13
Flood,SSA,2018,723,3445474,27
Mass movement (wet),SSA,2018,130,333,5
Storm,SSA,2018,150,481731,5
Epidemic,TCD,2018,90,4227,1
Flood,TZA,2018,15,15873,1
Epidemic,UGA,2018,31,1000,1
Mass movement (wet),UGA,2018,51,0,1
Epidemic,ZWE,2018,12,5164,1
Epidemic,ZWE,2018,69,10730,1
Drought,AFE,2019,0,6983000,7
Epidemic,AFE,2019,4298,223823,10
Flood,AFE,2019,781,3847894,36
Mass movement (wet),AFE,2019,290,141574,9
Storm,AFE,2019,1302,4568504,10
Wildfire,AFE,2019,50,12,1
Epidemic,AFW,2019,3983,234704,8
Flood,AFW,2019,151,693159,17
Mass movement (wet),AFW,2019,106,37,2
Storm,AFW,2019,4,15101,1
Flood,AGO,2019,11,4255,1
Flood,AGO,2019,19,1075,1
Flood,AGO,2019,41,11190,1
Flood,BDI,2019,10,0,1
Flood,BDI,2019,14,3773,1
Mass movement (wet),BDI,2019,37,9942,1
Epidemic,BEN,2019,13,24,1
Drought,BWA,2019,0,38000,1
Epidemic,CAF,2019,53,3600,1
Flood,CAF,2019,0,44918,1
Flood,CIV,2019,12,14646,1
Mass movement (wet),CMR,2019,54,0,1
Epidemic,COD,2019,3667,183837,1
Epidemic,COD,2019,472,27000,1
Flood,COD,2019,43,399894,1
Mass movement (wet),COD,2019,13,450,1
Mass movement (wet),COD,2019,24,0,1
Epidemic,COG,2019,0,16246,1
Epidemic,COG,2019,260,12000,1
Epidemic,COG,2019,3559,180000,1
Flood,COG,2019,0,40000,1
Flood,COG,2019,0,213000,1
Storm,COM,2019,8,345311,1
Storm,COM,2019,0,0,1
Epidemic,ETH,2019,15,871,1
Epidemic,ETH,2019,55,930,1
Flood,ETH,2019,0,200000,1
Mass movement (wet),ETH,2019,23,0,1
Flood,GHA,2019,13,0,1
Flood,GHA,2019,19,26102,1
Storm,GMB,2019,4,15101,1
Drought,KEN,2019,0,2600000,1
Epidemic,KEN,2019,26,3847,1
Flood,KEN,2019,90,233339,1
Mass movement (wet),KEN,2019,97,120,1
Drought,LSO,2019,0,433000,1
Flood,MDG,2019,9,0,1
Storm,MDG,2019,3,1100,1
Storm,MDG,2019,5,20293,1
Flood,MLI,2019,15,507,1
Flood,MLI,2019,0,6474,1
Epidemic,MOZ,2019,0,3577,1
Flood,MOZ,2019,18,0,1
Flood,MOZ,2019,10,63000,1
Flood,MOZ,2019,28,58066,1
Storm,MOZ,2019,603,1501500,1
Storm,MOZ,2019,45,400094,1
Flood,MRT,2019,3,33600,1
Flood,MWI,2019,0,15974,1
Flood,MWI,2019,60,975672,1
Mass movement (wet),MWI,2019,8,109,1
Flood,NER,2019,52,200000,1
Flood,NER,2019,0,23000,1
Epidemic,NGA,2019,72,22000,1
Epidemic,NGA,2019,4,665,1
Epidemic,NGA,2019,22,169,1
Flood,NGA,2019,12,18640,1
Flood,NGA,2019,12,52500,1
Flood,RWA,2019,16,5393,1
Flood,RWA,2019,12,565,1
Epidemic,SDN,2019,24,510,1
Epidemic,SDN,2019,29,2098,1
Flood,SDN,2019,0,6198,1
Flood,SDN,2019,78,346300,1
Flood,SEN,2019,6,8968,1
Flood,SLE,2019,7,5000,1
Flood,SLE,2019,0,5381,1
Drought,SOM,2019,0,1500000,1
Flood,SOM,2019,17,500000,1
Storm,SOM,2019,6,30000,1
Drought,SSA,2019,0,6983000,7
Epidemic,SSA,2019,8281,458527,18
Flood,SSA,2019,932,4541053,53
Mass movement (wet),SSA,2019,396,141611,11
Storm,SSA,2019,1306,4583605,11
Wildfire,SSA,2019,50,12,1
Epidemic,SSD,2019,7,937,1
Flood,SSD,2019,3,234800,1
Flood,SSD,2019,0,700000,1
Wildfire,SSD,2019,50,12,1
Drought,SWZ,2019,0,232000,1
Flood,TCD,2019,0,423,1
Mass movement (wet),TCD,2019,52,37,1
Epidemic,TZA,2019,3,216,1
Flood,TZA,2019,5,5000,1
Flood,TZA,2019,18,0,1
Flood,TZA,2019,14,0,1
Flood,TZA,2019,10,0,1
Storm,TZA,2019,0,2000000,1
Flood,UGA,2019,15,100,1
Flood,UGA,2019,8,2500,1
Flood,UGA,2019,3,4750,1
Flood,UGA,2019,36,6000,1
Flood,UGA,2019,65,65250,1
Mass movement (wet),UGA,2019,61,129953,1
Mass movement (wet),UGA,2019,20,0,1
Mass movement (wet),UGA,2019,7,1000,1
Drought,ZAF,2019,0,750000,1
Flood,ZAF,2019,10,0,1
Flood,ZAF,2019,73,1000,1
Flood,ZAF,2019,13,0,1
Flood,ZAF,2019,2,3500,1
Storm,ZAF,2019,4,20,1
Drought,ZMB,2019,0,1430000,1
Flood,ZMB,2019,4,0,1
Flood,ZWE,2019,26,300,1
Storm,ZWE,2019,628,270186,1
Drought,AFE,2020,0,11289316,5
Epidemic,AFE,2020,93,2137,2
Flood,AFE,2020,855,6626214,40
Mass movement (wet),AFE,2020,22,0,2
Storm,AFE,2020,33,137110,5
Drought,AFW,2020,0,14800000,4
Epidemic,AFW,2020,123,587,2
Flood,AFW,2020,377,1330513,23
Drought,AGO,2020,0,1643316,1
Flood,AGO,2020,3,10000,1
Flood,AGO,2020,30,10600,1
Flood,BDI,2020,3,9762,1
Flood,BDI,2020,0,27000,1
Storm,BDI,2020,2,5000,1
Flood,BEN,2020,6,7000,1
Drought,BFA,2020,0,2900000,1
Flood,BFA,2020,0,21000,1
Flood,BFA,2020,0,18024,1
Flood,BFA,2020,13,91428,1
Flood,CIV,2020,24,18657,1
Flood,CMR,2020,0,26402,1
Epidemic,COD,2020,55,0,1
Flood,COD,2020,0,30000,1
Flood,COD,2020,0,73000,1
Flood,COD,2020,0,500,1
Flood,COD,2020,52,92580,1
Flood,COD,2020,13,35422,1
Flood,COD,2020,18,4,1
Flood,COG,2020,20,0,1
Flood,COG,2020,0,66000,1
Flood,CPV,2020,1,25000,1
Flood,ETH,2020,12,219000,1
Flood,ETH,2020,0,1010854,1
Mass movement (wet),ETH,2020,10,0,1
Mass movement (wet),ETH,2020,12,0,1
Flood,GHA,2020,3,200,1
Flood,GHA,2020,4,0,1
Flood,GIN,2020,0,49541,1
Drought,KEN,2020,0,4500000,1
Flood,KEN,2020,285,810655,1
Drought,LSO,2020,0,766000,1
Drought,MDG,2020,0,1680000,1
Flood,MDG,2020,40,106846,1
Storm,MDG,2020,4,3200,1
Drought,MLI,2020,0,6800000,1
Drought,MOZ,2020,0,2700000,1
Flood,MOZ,2020,2,8700,1
Flood,MOZ,2020,22,145000,1
Drought,MRT,2020,0,1400000,1
Flood,MRT,2020,9,10700,1
Flood,MRT,2020,0,9282,1
Flood,MWI,2020,1,2250,1
Flood,NAM,2020,0,1000,1
Drought,NER,2020,0,3700000,1
Flood,NER,2020,73,632608,1
Flood,NER,2020,10,50012,1
Epidemic,NGA,2020,47,365,1
Epidemic,NGA,2020,76,222,1
Flood,NGA,2020,4,300,1
Flood,NGA,2020,30,0,1
Flood,NGA,2020,155,193425,1
Flood,RWA,2020,19,498,1
Flood,RWA,2020,3,5242,1
Flood,RWA,2020,8,505,1
Flood,RWA,2020,9,0,1
Flood,RWA,2020,72,16210,1
Epidemic,SDN,2020,38,2137,1
Flood,SDN,2020,155,875013,1
Flood,SEN,2020,11,17000,1
Flood,SOM,2020,26,1000020,1
Flood,SOM,2020,6,191000,1
Storm,SOM,2020,9,120000,1
Drought,SSA,2020,0,26089316,9
Epidemic,SSA,2020,216,2724,4
Flood,SSA,2020,1232,7956727,63
Mass movement (wet),SSA,2020,22,0,2
Storm,SSA,2020,33,137110,5
Flood,SSD,2020,0,1042000,1
Flood,TCD,2020,0,2062,1
Flood,TCD,2020,3,34872,1
Flood,TGO,2020,11,57000,1
Flood,TZA,2020,29,28258,1
Flood,TZA,2020,2,19323,1
Flood,TZA,2020,0,17500,1
Flood,TZA,2020,12,0,1
Flood,UGA,2020,5,200,1
Flood,UGA,2020,3,100000,1
Flood,UGA,2020,11,25000,1
Flood,UGA,2020,1,4000,1
Flood,UGA,2020,7,2300,1
Storm,UGA,2020,8,8700,1
Flood,ZAF,2020,3,200,1
Storm,ZAF,2020,10,210,1
Flood,ZMB,2020,0,1500,1
Flood,ZMB,2020,0,700000,1
Flood,ZMB,2020,3,4272,1
Drought,AFE,2021,0,39033941,8
Epidemic,AFE,2021,274,1357888,3
Flood,AFE,2021,177,2259407,18
Storm,AFE,2021,56,601440,10
Volcanic activity,AFE,2021,32,301769,2
Epidemic,AFW,2021,3771,184853,3
Flood,AFW,2021,149,541709,10
Storm,AFW,2021,10,16949,1
Flood,AGO,2021,8,1770,1
Flood,AGO,2021,14,8167,1
Flood,BDI,2021,0,52182,1
Flood,BEN,2021,13,35850,1
Flood,CAF,2021,0,3957,1
Epidemic,COD,2021,205,2662,1
Volcanic activity,COD,2021,32,288404,1
Flood,COG,2021,24,46652,1
Drought,ETH,2021,0,6800000,1
Flood,ETH,2021,16,0,1
Flood,GHA,2021,4,206,1
Flood,GHA,2021,5,120,1
Epidemic,GIN,2021,1,173,1
Flood,GIN,2021,5,71664,1
Storm,GMB,2021,10,16949,1
Epidemic,KEN,2021,0,1352253,1
Flood,KEN,2021,9,300000,1
Storm,LSO,2021,0,2550,1
Flood,MDG,2021,1,1400,1
Storm,MDG,2021,2,1000,1
Drought,MOZ,2021,0,1562771,1
Flood,MOZ,2021,0,11410,1
Storm,MOZ,2021,11,481901,1
Storm,MWI,2021,13,55551,1
Flood,NAM,2021,0,401,1
Epidemic,NER,2021,166,5591,1
Flood,NER,2021,62,105750,1
Epidemic,NGA,2021,3604,179089,1
Flood,NGA,2021,0,7500,1
Flood,NGA,2021,4,830,1
Flood,RWA,2021,0,6500,1
Volcanic activity,RWA,2021,0,13365,1
Epidemic,SDN,2021,69,2973,1
Flood,SDN,2021,52,303045,1
Storm,SDN,2021,0,16000,1
Drought,SOM,2021,0,7100000,1
Flood,SOM,2021,25,400000,1
Drought,SSA,2021,0,39033941,8
Epidemic,SSA,2021,4045,1542741,6
Flood,SSA,2021,326,2801116,28
Storm,SSA,2021,66,618389,11
Volcanic activity,SSA,2021,32,301769,2
Drought,SSD,2021,0,7723670,1
Flood,SSD,2021,7,835000,1
Flood,STP,2021,8,219668,1
Storm,SWZ,2021,0,0,1
Flood,TCD,2021,32,269180,1
Drought,TZA,2021,0,2100000,1
Flood,TZA,2021,1,2000,1
Storm,TZA,2021,0,30001,1
Flood,UGA,2021,1,75000,1
Flood,UGA,2021,3,134,1
Flood,UGA,2021,1,42330,1
Drought,ZAF,2021,0,12000000,1
Flood,ZAF,2021,31,400,1
Storm,ZAF,2021,4,3200,1
Storm,ZAF,2021,23,8837,1
Drought,ZMB,2021,0,1580000,1
Drought,ZWE,2021,0,167500,1
Storm,ZWE,2021,3,2400,1
Drought,AFE,2022,2465,65108299,5
Epidemic,AFE,2022,3064,156922,10
Flood,AFE,2022,1231,2419296,28
Mass movement (wet),AFE,2022,19,1196,1
Storm,AFE,2022,377,2323893,14
Drought,AFW,2022,0,35539353,8
Epidemic,AFW,2022,544,24258,3
Flood,AFW,2022,937,4976546,16
Mass movement (wet),AFW,2022,19,250,2
Storm,AFW,2022,7,1500,1
Wildfire,AFW,2022,0,30000,1
Flood,BEN,2022,44,73000,1
Drought,BFA,2022,0,3500928,1
Drought,CAF,2022,0,2221692,1
Flood,CAF,2022,16,118003,1
Wildfire,CAF,2022,0,30000,1
Flood,CIV,2022,13,11592,1
Drought,CMR,2022,0,2389127,1
Epidemic,CMR,2022,295,13730,1
Flood,CMR,2022,2,153095,1
Mass movement (wet),CMR,2022,5,250,1
Mass movement (wet),CMR,2022,14,0,1
Drought,COD,2022,0,25972806,1
Epidemic,COD,2022,8,607,1
Epidemic,COD,2022,5,141,1
Flood,COD,2022,9,0,1
Flood,COD,2022,7,176000,1
Flood,COD,2022,32,0,1
Flood,COD,2022,175,84711,1
Flood,COG,2022,0,164679,1
Drought,CPV,2022,0,46093,1
Drought,ETH,2022,0,24100000,1
Epidemic,ETH,2022,271,20000,1
Flood,ETH,2022,0,264831,1
Flood,GHA,2022,0,5000,1
Flood,GIN,2022,0,49536,1
Flood,GMB,2022,6,17201,1
Epidemic,KEN,2022,202,12123,1
Epidemic,LBR,2022,71,5528,1
Flood,MDG,2022,34,62114,1
Storm,MDG,2022,55,131555,1
Storm,MDG,2022,92,112115,1
Storm,MDG,2022,14,9900,1
Storm,MDG,2022,15,169000,1
Storm,MDG,2022,2,900,1
Storm,MDG,2022,12,4800,1
Drought,MLI,2022,0,1735753,1
Flood,MLI,2022,10,79012,1
Flood,MOZ,2022,88,78271,1
Storm,MOZ,2022,38,185636,1
Storm,MOZ,2022,14,23733,1
Storm,MOZ,2022,63,736123,1
Flood,MRT,2022,14,28926,1
Storm,MUS,2022,1,139,1
Drought,MWI,2022,0,2678193,1
Epidemic,MWI,2022,0,0,1
Epidemic,MWI,2022,1769,59088,1
Flood,MWI,2022,62,94185,1
Storm,MWI,2022,64,945934,1
Storm,MWI,2022,7,0,1
Drought,NER,2022,0,4400000,1
Flood,NER,2022,195,322185,1
Drought,NGA,2022,0,19110398,1
Epidemic,NGA,2022,178,5000,1
Flood,NGA,2022,603,2802500,1
Storm,NGA,2022,7,1500,1
Flood,RWA,2022,15,787,1
Flood,RWA,2022,11,513,1
Flood,RWA,2022,3,0,1
Drought,SDN,2022,0,11839300,1
Flood,SDN,2022,146,349122,1
Flood,SEN,2022,0,20010,1
Flood,SLE,2022,12,12982,1
Flood,SOM,2022,0,4416,1
Drought,SSA,2022,2465,100647652,13
Epidemic,SSA,2022,3608,181180,13
Flood,SSA,2022,2168,7395842,44
Mass movement (wet),SSA,2022,38,1446,3
Storm,SSA,2022,384,2325393,15
Wildfire,SSA,2022,0,30000,1
Flood,SSD,2022,0,1000000,1
Epidemic,STP,2022,0,1187,1
Storm,SWZ,2022,0,1058,1
Drought,TCD,2022,0,2135362,1
Flood,TCD,2022,22,1100229,1
Flood,TGO,2022,0,18596,1
Epidemic,TZA,2022,4,57083,1
Flood,TZA,2022,10,3500,1
Drought,UGA,2022,2465,518000,1
Epidemic,UGA,2022,55,142,1
Flood,UGA,2022,9,1500,1
Flood,UGA,2022,32,78338,1
Flood,UGA,2022,16,130,1
Mass movement (wet),UGA,2022,19,1196,1
Flood,ZAF,2022,10,0,1
Flood,ZAF,2022,1,100,1
Flood,ZAF,2022,3,138,1
Flood,ZAF,2022,4,187,1
Flood,ZAF,2022,544,142290,1
Flood,ZAF,2022,0,200,1
Flood,ZAF,2022,0,204,1
Flood,ZAF,2022,17,56177,1
Flood,ZMB,2022,3,21582,1
Epidemic,ZWE,2022,750,6551,1
Flood,ZWE,2022,0,0,1
Storm,ZWE,2022,0,3000,1
Drought,AFE,2023,0,4036049,3
Epidemic,AFE,2023,1677,80424,8
Flood,AFE,2023,3793,9375008,29
Mass movement (wet),AFE,2023,161,6341,5
Storm,AFE,2023,1473,3895738,9
Epidemic,AFW,2023,1164,115734,6
Flood,AFW,2023,358,2167633,9
Mass movement (wet),AFW,2023,27,2000,1
Storm,AFW,2023,15,9083,3
Flood,AGO,2023,54,44450,1
Flood,AGO,2023,30,116275,1
Flood,BDI,2023,14,239,1
Flood,BDI,2023,7,9346,1
Epidemic,BFA,2023,10,3050,1
Drought,BWA,2023,0,37000,1
Storm,CAF,2023,0,6066,1
Flood,CMR,2023,2,93260,1
Mass movement (wet),CMR,2023,27,2000,1
Epidemic,COD,2023,0,13881,1
Flood,COD,2023,2830,50220,1
Flood,COD,2023,4,3620,1
Flood,COD,2023,40,5,1
Mass movement (wet),COD,2023,19,0,1
Mass movement (wet),COD,2023,17,0,1
Mass movement (wet),COD,2023,14,0,1
Mass movement (wet),COD,2023,22,0,1
Epidemic,COG,2023,52,85992,1
Flood,COG,2023,23,1800000,1
Epidemic,CPV,2023,2,4002,1
Flood,ETH,2023,91,240000,1
Flood,ETH,2023,60,1500000,1
Storm,GAB,2023,0,3000,1
Flood,GHA,2023,8,250,1
Flood,GHA,2023,0,40864,1
Flood,GIN,2023,8,25072,1
Epidemic,GNQ,2023,10,16,1
Flood,KEN,2023,36,139164,1
Flood,KEN,2023,0,22500,1
Flood,KEN,2023,178,695497,1
Drought,LSO,2023,0,699049,1
Storm,LSO,2023,2,968,1
Storm,MDG,2023,53,90870,1
Storm,MDG,2023,17,299000,1
Epidemic,MLI,2023,35,1163,1
Drought,MOZ,2023,0,3300000,1
Epidemic,MOZ,2023,141,33544,1
Flood,MOZ,2023,14,89093,1
Storm,MOZ,2023,183,1231389,1
Flood,MRT,2023,1,7200,1
Storm,MUS,2023,1,2500,1
Storm,MWI,2023,1209,2269644,1
Flood,NAM,2023,0,2190,1
Flood,NER,2023,41,169651,1
Epidemic,NGA,2023,1055,21511,1
Flood,NGA,2023,0,1336,1
Flood,NGA,2023,275,30000,1
Flood,RWA,2023,131,51982,1
Storm,SLE,2023,15,17,1
Epidemic,SOM,2023,14,3428,1
Epidemic,SOM,2023,60,4956,1
Flood,SOM,2023,21,100003,1
Flood,SOM,2023,22,468000,1
Flood,SOM,2023,4,278000,1
Flood,SOM,2023,118,2480000,1
Drought,SSA,2023,0,4036049,3
Epidemic,SSA,2023,2841,196158,14
Flood,SSA,2023,4151,11542641,38
Mass movement (wet),SSA,2023,188,8341,6
Storm,SSA,2023,1488,3904821,12
Epidemic,SSD,2023,1,178,1
Flood,TZA,2023,13,24,1
Flood,TZA,2023,0,1976,1
Flood,TZA,2023,38,2896500,1
Mass movement (wet),TZA,2023,89,6341,1
Flood,UGA,2023,23,1016,1
Flood,ZAF,2023,17,1000,1
Flood,ZAF,2023,3,500,1
Flood,ZAF,2023,11,5000,1
Flood,ZAF,2023,34,1800,1
Storm,ZAF,2023,5,150,1
Storm,ZAF,2023,1,1217,1
Epidemic,ZMB,2023,2,118,1
Epidemic,ZMB,2023,740,20102,1
Flood,ZMB,2023,0,22000,1
Flood,ZMB,2023,0,154608,1
Epidemic,ZWE,2023,719,4217,1
Storm,ZWE,2023,2,0,1
Drought,AFE,2024,0,27955000,5
Epidemic,AFE,2024,2985,106424,9
Flood,AFE,2024,1191,5538445,20
Mass movement (dry),AFE,2024,16,10,1
Mass movement (wet),AFE,2024,553,46756,7
Storm,AFE,2024,237,1144353,15
Wildfire,AFE,2024,0,250,1
Flood,AFW,2024,1494,6521322,17
Mass movement (wet),AFW,2024,12,0,1
Storm,AFW,2024,1,507,1
Drought,AGO,2024,0,2800000,1
Epidemic,AGO,2024,759,0,1
Epidemic,BDI,2024,0,3543,1
Flood,BDI,2024,29,237175,1
Storm,BDI,2024,0,655,1
Flood,BEN,2024,0,34052,1
Flood,BFA,2024,0,7684,1
Storm,BWA,2024,0,105000,1
Flood,CAF,2024,0,2700,1
Flood,CIV,2024,26,227,1
Flood,CMR,2024,38,500008,1
Mass movement (wet),CMR,2024,12,0,1
Flood,COD,2024,300,2190000,1
Flood,COD,2024,11,289430,1
Mass movement (wet),COD,2024,75,0,1
Mass movement (wet),COD,2024,11,193,1
Storm,COD,2024,2,527,1
Epidemic,COM,2024,149,10342,1
Storm,COM,2024,0,64155,1
Flood,ETH,2024,5,181548,1
Mass movement (wet),ETH,2024,257,15527,1
Mass movement (wet),ETH,2024,13,0,1
Flood,GAB,2024,0,13400,1
Flood,GIN,2024,5,176000,1
Flood,KEN,2024,353,306708,1
Flood,KEN,2024,13,15002,1
Flood,KEN,2024,10,0,1
Flood,KEN,2024,13,3970,1
Flood,LBR,2024,2,51000,1
Mass movement (dry),MDG,2024,16,10,1
Storm,MDG,2024,10,25837,1
Storm,MDG,2024,22,89469,1
Storm,MDG,2024,0,135838,1
Flood,MLI,2024,92,380154,1
Epidemic,MOZ,2024,42,1773,1
Storm,MOZ,2024,2,93325,1
Storm,MOZ,2024,120,454839,1
Storm,MUS,2024,2,100000,1
Drought,MWI,2024,0,6100000,1
Flood,MWI,2024,6,14004,1
Flood,MWI,2024,11,48828,1
Storm,MWI,2024,13,45191,1
Drought,NAM,2024,0,1655000,1
Flood,NER,2024,396,1527058,1
Flood,NGA,2024,321,1377411,1
Flood,NGA,2024,37,414058,1
Storm,NGA,2024,1,507,1
Epidemic,RWA,2024,13,45,1
Flood,RWA,2024,14,27,1
Epidemic,SDN,2024,1508,57447,1
Flood,SDN,2024,132,317107,1
Flood,SEN,2024,0,55600,1
Flood,SLE,2024,0,23596,1
Flood,SOM,2024,9,226000,1
Drought,SSA,2024,0,27955000,5
Epidemic,SSA,2024,2985,106424,9
Flood,SSA,2024,2685,12059767,37
Mass movement (dry),SSA,2024,16,10,1
Mass movement (wet),SSA,2024,565,46756,8
Storm,SSA,2024,238,1144860,16
Wildfire,SSA,2024,0,250,1
Epidemic,SSD,2024,501,29304,1
Flood,SSD,2024,0,1400000,1
Flood,TCD,2024,1,3805,1
Flood,TCD,2024,576,1941869,1
Flood,TGO,2024,0,12700,1
Flood,TZA,2024,155,200236,1
Flood,TZA,2024,9,140,1
Mass movement (wet),TZA,2024,22,0,1
Storm,TZA,2024,5,7775,1
Epidemic,UGA,2024,0,3391,1
Flood,UGA,2024,77,57804,1
Mass movement (wet),UGA,2024,34,1014,1
Mass movement (wet),UGA,2024,141,30022,1
Storm,UGA,2024,14,34,1
Flood,ZAF,2024,13,756,1
Flood,ZAF,2024,21,46620,1
Flood,ZAF,2024,10,3090,1
Storm,ZAF,2024,46,7813,1
Storm,ZAF,2024,1,13895,1
Wildfire,ZAF,2024,0,250,1
Drought,ZMB,2024,0,9800000,1
Drought,ZWE,2024,0,7600000,1
Epidemic,ZWE,2024,13,579,1
Drought,AFE,2025,27,2150482,2
Earthquake,AFE,2025,2,99000,1
Epidemic,AFE,2025,120,1860,4
Flood,AFE,2025,590,700279,14
Storm,AFE,2025,34,800032,7
Flood,AFW,2025,284,169923,7
Mass movement (wet),AFW,2025,12,7,1
Storm,AFW,2025,15,10,1
Wildfire,AFW,2025,0,4180,1
Flood,BWA,2025,9,190000,1
Flood,CAF,2025,0,2500,1
Mass movement (wet),CIV,2025,12,7,1
Epidemic,COD,2025,15,28,1
Flood,COD,2025,165,82724,1
Flood,COD,2025,2,8830,1
Flood,COD,2025,154,10028,1
Flood,COD,2025,30,80579,1
Flood,CPV,2025,17,119000,1
Earthquake,ETH,2025,2,99000,1
Storm,ETH,2025,1,38624,1
Storm,GIN,2025,15,10,1
Flood,GMB,2025,8,10767,1
Flood,GNQ,2025,0,23155,1
Drought,KEN,2025,0,2150000,1
Flood,MDG,2025,0,3688,1
Flood,MDG,2025,11,0,1
Storm,MDG,2025,3,7028,1
Storm,MDG,2025,4,50254,1
Storm,MDG,2025,1,15001,1
Storm,MOZ,2025,6,283338,1
Storm,MOZ,2025,16,385135,1
Flood,MWI,2025,39,181270,1
Storm,MWI,2025,3,20652,1
Flood,NAM,2025,16,0,1
Flood,NGA,2025,207,8121,1
Flood,NGA,2025,36,5580,1
Flood,NGA,2025,16,800,1
Flood,SDN,2025,32,10000,1
Wildfire,SLE,2025,0,4180,1
Drought,SOM,2025,27,482,1
Epidemic,SOM,2025,87,1672,1
Flood,SOM,2025,4,45000,1
Flood,SOM,2025,14,84010,1
Drought,SSA,2025,27,2150482,2
Earthquake,SSA,2025,2,99000,1
Epidemic,SSA,2025,120,1860,4
Flood,SSA,2025,874,870202,21
Mass movement (wet),SSA,2025,12,7,1
Storm,SSA,2025,49,800042,8
Wildfire,SSA,2025,0,4180,1
Epidemic,TZA,2025,10,2,1
Flood,TZA,2025,26,3150,1
Flood,ZAF,2025,88,1000,1
Epidemic,ZMB,2025,8,158,1
