Country Code,Country Name,City Name,Year,Population,Size Category
AGO,Angola,Benguela,2020,715.13,500 000 to 1 million
AGO,Angola,Benguela,2025,878.004,500 000 to 1 million
AGO,Angola,Benguela,2030,1065.572,1 to 5 million
AGO,Angola,Benguela,2035,1273.636,1 to 5 million
AGO,Angola,Cabinda,2020,777.697,500 000 to 1 million
AGO,Angola,Cabinda,2025,990.695,500 000 to 1 million
AGO,Angola,Cabinda,2030,1210.051,1 to 5 million
AGO,Angola,Cabinda,2035,1446.685,1 to 5 million
AGO,Angola,Cuito,2020,535.407,500 000 to 1 million
AGO,Angola,Cuito,2025,704.349,500 000 to 1 million
AGO,Angola,Cuito,2030,865.116,500 000 to 1 million
AGO,Angola,Cuito,2035,1034.52,1 to 5 million
AGO,Angola,Huambo,2020,671.413,500 000 to 1 million
AGO,Angola,Huambo,2025,777.336,500 000 to 1 million
AGO,Angola,Huambo,2030,933.847,500 000 to 1 million
AGO,Angola,Huambo,2035,1115.75,1 to 5 million
AGO,Angola,Lobito,2020,426.31,300 000 to 500 000
AGO,Angola,Lobito,2025,505.576,500 000 to 1 million
AGO,Angola,Lobito,2030,609.908,500 000 to 1 million
AGO,Angola,Lobito,2035,728.829,500 000 to 1 million
AGO,Angola,Luanda,2020,8329.798,5 to 10 million
AGO,Angola,Luanda,2025,10027.897,10 million or more
AGO,Angola,Luanda,2030,12128.764,10 million or more
AGO,Angola,Luanda,2035,14495.112,10 million or more
AGO,Angola,Lubango,2020,828.248,500 000 to 1 million
AGO,Angola,Lubango,2025,1047.806,1 to 5 million
AGO,Angola,Lubango,2030,1278.271,1 to 5 million
AGO,Angola,Lubango,2035,1528.175,1 to 5 million
AGO,Angola,Malanje,2020,665.15,500 000 to 1 million
AGO,Angola,Malanje,2025,861.38,500 000 to 1 million
AGO,Angola,Malanje,2030,1055.109,1 to 5 million
AGO,Angola,Malanje,2035,1261.582,1 to 5 million
AGO,Angola,Other cities (300 000 to 500 000),2020,310.199,300 000 to 500 000
AGO,Angola,Other cities (300 000 to 500 000),2025,370.189,300 000 to 500 000
AGO,Angola,Other cities (300 000 to 500 000),2030,447.067,300 000 to 500 000
AGO,Angola,Other cities (500 000 to 1 million),2035,534.259,500 000 to 1 million
AGO,Angola,Other cities (Fewer than 300 000),2020,8166.969999999999,Fewer than 300 000
AGO,Angola,Other cities (Fewer than 300 000),2025,9997.987999999998,Fewer than 300 000
AGO,Angola,Other cities (Fewer than 300 000),2030,11996.812000000002,Fewer than 300 000
AGO,Angola,Other cities (Fewer than 300 000),2035,14260.356000000003,Fewer than 300 000
AGO,Angola,Uige,2020,510.631,500 000 to 1 million
AGO,Angola,Uige,2025,686.667,500 000 to 1 million
AGO,Angola,Uige,2030,846.615,500 000 to 1 million
AGO,Angola,Uige,2035,1012.545,1 to 5 million
BDI,Burundi,Bujumbura,2020,1012.996,1 to 5 million
BDI,Burundi,Bujumbura,2025,1350.147,1 to 5 million
BDI,Burundi,Bujumbura,2030,1760.099,1 to 5 million
BDI,Burundi,Bujumbura,2035,2262.634,1 to 5 million
BDI,Burundi,Other cities (Fewer than 300 000),2020,623.59,Fewer than 300 000
BDI,Burundi,Other cities (Fewer than 300 000),2025,796.547,Fewer than 300 000
BDI,Burundi,Other cities (Fewer than 300 000),2030,1020.1430000000003,Fewer than 300 000
BDI,Burundi,Other cities (Fewer than 300 000),2035,1306.022,Fewer than 300 000
BEN,Benin,Abomey-Calavi,2020,1056.44,1 to 5 million
BEN,Benin,Abomey-Calavi,2025,1375.217,1 to 5 million
BEN,Benin,Abomey-Calavi,2030,1665.979,1 to 5 million
BEN,Benin,Abomey-Calavi,2035,1975.266,1 to 5 million
BEN,Benin,Cotonou,2020,691.949,500 000 to 1 million
BEN,Benin,Cotonou,2025,757.989,500 000 to 1 million
BEN,Benin,Cotonou,2030,891.187,500 000 to 1 million
BEN,Benin,Cotonou,2035,1055.409,1 to 5 million
BEN,Benin,Djougou,2020,343.419,300 000 to 500 000
BEN,Benin,Djougou,2025,410.272,300 000 to 500 000
BEN,Benin,Djougou,2030,489.674,300 000 to 500 000
BEN,Benin,Djougou,2035,580.246,500 000 to 1 million
BEN,Benin,Other cities (300 000 to 500 000),2025,334.5079999999999,300 000 to 500 000
BEN,Benin,Other cities (300 000 to 500 000),2030,395.6410000000001,300 000 to 500 000
BEN,Benin,Other cities (300 000 to 500 000),2035,468.655,300 000 to 500 000
BEN,Benin,Other cities (Fewer than 300 000),2020,3419.5829999999996,Fewer than 300 000
BEN,Benin,Other cities (Fewer than 300 000),2025,3755.974,Fewer than 300 000
BEN,Benin,Other cities (Fewer than 300 000),2030,4487.655999999999,Fewer than 300 000
BEN,Benin,Other cities (Fewer than 300 000),2035,5315.532999999999,Fewer than 300 000
BEN,Benin,Parakou,2020,357.912,300 000 to 500 000
BEN,Benin,Parakou,2025,442.127,300 000 to 500 000
BEN,Benin,Parakou,2030,530.761,500 000 to 1 million
BEN,Benin,Parakou,2035,629.075,500 000 to 1 million
BFA,Burkina Faso,Bobo-Dioulasso,2020,972.124,500 000 to 1 million
BFA,Burkina Faso,Bobo-Dioulasso,2025,1243.53,1 to 5 million
BFA,Burkina Faso,Bobo-Dioulasso,2030,1566.007,1 to 5 million
BFA,Burkina Faso,Bobo-Dioulasso,2035,1939.502,1 to 5 million
BFA,Burkina Faso,Other cities (300 000 to 500 000),2030,332.353,300 000 to 500 000
BFA,Burkina Faso,Other cities (300 000 to 500 000),2035,767.903,300 000 to 500 000
BFA,Burkina Faso,Other cities (Fewer than 300 000),2020,2645.456,Fewer than 300 000
BFA,Burkina Faso,Other cities (Fewer than 300 000),2025,3348.7650000000003,Fewer than 300 000
BFA,Burkina Faso,Other cities (Fewer than 300 000),2030,3838.6130000000003,Fewer than 300 000
BFA,Burkina Faso,Other cities (Fewer than 300 000),2035,4370.054,Fewer than 300 000
BFA,Burkina Faso,Ouagadougou,2020,2780.331,1 to 5 million
BFA,Burkina Faso,Ouagadougou,2025,3520.821,1 to 5 million
BFA,Burkina Faso,Ouagadougou,2030,4426.096,1 to 5 million
BFA,Burkina Faso,Ouagadougou,2035,5481.352,5 to 10 million
BWA,Botswana,Other cities (300 000 to 500 000),2025,316.853,300 000 to 500 000
BWA,Botswana,Other cities (300 000 to 500 000),2030,353.515,300 000 to 500 000
BWA,Botswana,Other cities (300 000 to 500 000),2035,387.56,300 000 to 500 000
BWA,Botswana,Other cities (Fewer than 300 000),2020,1712.212,Fewer than 300 000
BWA,Botswana,Other cities (Fewer than 300 000),2025,1620.1709999999998,Fewer than 300 000
BWA,Botswana,Other cities (Fewer than 300 000),2030,1797.839,Fewer than 300 000
BWA,Botswana,Other cities (Fewer than 300 000),2035,1965.473,Fewer than 300 000
CAF,Central African Republic,Bangui,2020,889.231,500 000 to 1 million
CAF,Central African Republic,Bangui,2025,1016.148,1 to 5 million
CAF,Central African Republic,Bangui,2030,1200.276,1 to 5 million
CAF,Central African Republic,Bangui,2035,1422.35,1 to 5 million
CAF,Central African Republic,Other cities (300 000 to 500 000),2025,352.16,300 000 to 500 000
CAF,Central African Republic,Other cities (300 000 to 500 000),2030,420.99,300 000 to 500 000
CAF,Central African Republic,Other cities (300 000 to 500 000),2035,499.114,300 000 to 500 000
CAF,Central African Republic,Other cities (Fewer than 300 000),2020,1187.303,Fewer than 300 000
CAF,Central African Republic,Other cities (Fewer than 300 000),2025,1083.3649999999998,Fewer than 300 000
CAF,Central African Republic,Other cities (Fewer than 300 000),2030,1296.373,Fewer than 300 000
CAF,Central African Republic,Other cities (Fewer than 300 000),2035,1533.212,Fewer than 300 000
CIV,Côte d’Ivoire,Abidjan,2020,5202.762,5 to 10 million
CIV,Côte d’Ivoire,Abidjan,2025,6056.877,5 to 10 million
CIV,Côte d’Ivoire,Abidjan,2030,7135.77,5 to 10 million
CIV,Côte d’Ivoire,Abidjan,2035,8392.719,5 to 10 million
CIV,Côte d’Ivoire,Bouake,2020,571.876,500 000 to 1 million
CIV,Côte d’Ivoire,Bouake,2025,635.556,500 000 to 1 million
CIV,Côte d’Ivoire,Bouake,2030,742.763,500 000 to 1 million
CIV,Côte d’Ivoire,Bouake,2035,873.326,500 000 to 1 million
CIV,Côte d’Ivoire,Other cities (300 000 to 500 000),2020,300.563,300 000 to 500 000
CIV,Côte d’Ivoire,Other cities (300 000 to 500 000),2025,681.097,300 000 to 500 000
CIV,Côte d’Ivoire,Other cities (300 000 to 500 000),2030,1126.285,300 000 to 500 000
CIV,Côte d’Ivoire,Other cities (300 000 to 500 000),2035,1627.5929999999998,300 000 to 500 000
CIV,Côte d’Ivoire,Other cities (Fewer than 300 000),2020,7457.111,Fewer than 300 000
CIV,Côte d’Ivoire,Other cities (Fewer than 300 000),2025,8648.028999999999,Fewer than 300 000
CIV,Côte d’Ivoire,Other cities (Fewer than 300 000),2030,9907.344,Fewer than 300 000
CIV,Côte d’Ivoire,Other cities (Fewer than 300 000),2035,11337.054,Fewer than 300 000
CMR,Cameroon,Bafoussam,2020,423.982,300 000 to 500 000
CMR,Cameroon,Bafoussam,2025,495.735,300 000 to 500 000
CMR,Cameroon,Bafoussam,2030,581.602,500 000 to 1 million
CMR,Cameroon,Bafoussam,2035,677.566,500 000 to 1 million
CMR,Cameroon,Bamenda,2020,533.257,500 000 to 1 million
CMR,Cameroon,Bamenda,2025,636.145,500 000 to 1 million
CMR,Cameroon,Bamenda,2030,748.935,500 000 to 1 million
CMR,Cameroon,Bamenda,2035,872.627,500 000 to 1 million
CMR,Cameroon,Douala,2020,3663.227,1 to 5 million
CMR,Cameroon,Douala,2025,4346.418,1 to 5 million
CMR,Cameroon,Douala,2030,5112.242,5 to 10 million
CMR,Cameroon,Douala,2035,5956.349,5 to 10 million
CMR,Cameroon,Garoua,2020,345.853,300 000 to 500 000
CMR,Cameroon,Garoua,2025,390.652,300 000 to 500 000
CMR,Cameroon,Garoua,2030,455.58,300 000 to 500 000
CMR,Cameroon,Garoua,2035,530.627,500 000 to 1 million
CMR,Cameroon,Loum,2020,497.578,300 000 to 500 000
CMR,Cameroon,Loum,2025,623.336,500 000 to 1 million
CMR,Cameroon,Loum,2030,740.104,500 000 to 1 million
CMR,Cameroon,Loum,2035,862.621,500 000 to 1 million
CMR,Cameroon,Mbouda,2020,485.66,300 000 to 500 000
CMR,Cameroon,Mbouda,2025,628.742,500 000 to 1 million
CMR,Cameroon,Mbouda,2030,750.79,500 000 to 1 million
CMR,Cameroon,Mbouda,2035,875.27,500 000 to 1 million
CMR,Cameroon,Other cities (300 000 to 500 000),2025,327.71900000000005,300 000 to 500 000
CMR,Cameroon,Other cities (300 000 to 500 000),2030,1377.051,300 000 to 500 000
CMR,Cameroon,Other cities (300 000 to 500 000),2035,1951.4230000000002,300 000 to 500 000
CMR,Cameroon,Other cities (Fewer than 300 000),2020,4999.555,Fewer than 300 000
CMR,Cameroon,Other cities (Fewer than 300 000),2025,5436.674000000001,Fewer than 300 000
CMR,Cameroon,Other cities (Fewer than 300 000),2030,5356.989,Fewer than 300 000
CMR,Cameroon,Other cities (Fewer than 300 000),2035,5882.621000000003,Fewer than 300 000
CMR,Cameroon,Yaoundé,2020,3992.411,1 to 5 million
CMR,Cameroon,Yaoundé,2025,4854.255,1 to 5 million
CMR,Cameroon,Yaoundé,2030,5733.816,5 to 10 million
CMR,Cameroon,Yaoundé,2035,6681.654,5 to 10 million
COD,Democratic Republic of Congo,Bukavu,2020,1078.002,1 to 5 million
COD,Democratic Republic of Congo,Bukavu,2025,1369.427,1 to 5 million
COD,Democratic Republic of Congo,Bukavu,2030,1695.192,1 to 5 million
COD,Democratic Republic of Congo,Bukavu,2035,2064.323,1 to 5 million
COD,Democratic Republic of Congo,Bunia,2020,679.418,500 000 to 1 million
COD,Democratic Republic of Congo,Bunia,2025,900.351,500 000 to 1 million
COD,Democratic Republic of Congo,Bunia,2030,1122.728,1 to 5 million
COD,Democratic Republic of Congo,Bunia,2035,1367.593,1 to 5 million
COD,Democratic Republic of Congo,Goma,2020,634.197,500 000 to 1 million
COD,Democratic Republic of Congo,Goma,2025,819.854,500 000 to 1 million
COD,Democratic Republic of Congo,Goma,2030,1017.965,1 to 5 million
COD,Democratic Republic of Congo,Goma,2035,1239.774,1 to 5 million
COD,Democratic Republic of Congo,Kabinda,2020,465.599,300 000 to 500 000
COD,Democratic Republic of Congo,Kabinda,2025,640.09,500 000 to 1 million
COD,Democratic Republic of Congo,Kabinda,2030,803.286,500 000 to 1 million
COD,Democratic Republic of Congo,Kabinda,2035,978.723,500 000 to 1 million
COD,Democratic Republic of Congo,Kananga,2020,1458.4,1 to 5 million
COD,Democratic Republic of Congo,Kananga,2025,1815.751,1 to 5 million
COD,Democratic Republic of Congo,Kananga,2030,2239.861,1 to 5 million
COD,Democratic Republic of Congo,Kananga,2035,2727.226,1 to 5 million
COD,Democratic Republic of Congo,Kikwit,2020,507.462,500 000 to 1 million
COD,Democratic Republic of Congo,Kikwit,2025,615.192,500 000 to 1 million
COD,Democratic Republic of Congo,Kikwit,2030,755.386,500 000 to 1 million
COD,Democratic Republic of Congo,Kikwit,2035,919.583,500 000 to 1 million
COD,Democratic Republic of Congo,Kinshasa,2020,14342.439,10 million or more
COD,Democratic Republic of Congo,Kinshasa,2025,17778.474,10 million or more
COD,Democratic Republic of Congo,Kinshasa,2030,21914.342,10 million or more
COD,Democratic Republic of Congo,Kinshasa,2035,26681.825,10 million or more
COD,Democratic Republic of Congo,Kisangani,2020,1261.31,1 to 5 million
COD,Democratic Republic of Congo,Kisangani,2025,1546.69,1 to 5 million
COD,Democratic Republic of Congo,Kisangani,2030,1902.936,1 to 5 million
COD,Democratic Republic of Congo,Kisangani,2035,2316.753,1 to 5 million
COD,Democratic Republic of Congo,Kolwezi,2020,494.654,300 000 to 500 000
COD,Democratic Republic of Congo,Kolwezi,2025,555.059,500 000 to 1 million
COD,Democratic Republic of Congo,Kolwezi,2030,672.477,500 000 to 1 million
COD,Democratic Republic of Congo,Kolwezi,2035,818.226,500 000 to 1 million
COD,Democratic Republic of Congo,Likasi,2020,567.839,500 000 to 1 million
COD,Democratic Republic of Congo,Likasi,2025,675.991,500 000 to 1 million
COD,Democratic Republic of Congo,Likasi,2030,827.429,500 000 to 1 million
COD,Democratic Republic of Congo,Likasi,2035,1007.163,1 to 5 million
COD,Democratic Republic of Congo,Lubumbashi,2020,2478.262,1 to 5 million
COD,Democratic Republic of Congo,Lubumbashi,2025,3061.34,1 to 5 million
COD,Democratic Republic of Congo,Lubumbashi,2030,3771.241,1 to 5 million
COD,Democratic Republic of Congo,Lubumbashi,2035,4591.57,1 to 5 million
COD,Democratic Republic of Congo,Matadi,2020,389.669,300 000 to 500 000
COD,Democratic Republic of Congo,Matadi,2025,465.791,300 000 to 500 000
COD,Democratic Republic of Congo,Matadi,2030,570.545,500 000 to 1 million
COD,Democratic Republic of Congo,Matadi,2035,694.498,500 000 to 1 million
COD,Democratic Republic of Congo,Mbandaka,2020,442.989,300 000 to 500 000
COD,Democratic Republic of Congo,Mbandaka,2025,534.978,500 000 to 1 million
COD,Democratic Republic of Congo,Mbandaka,2030,656.457,500 000 to 1 million
COD,Democratic Republic of Congo,Mbandaka,2035,799.129,500 000 to 1 million
COD,Democratic Republic of Congo,Mbuji-Mayi,2020,2525.263,1 to 5 million
COD,Democratic Republic of Congo,Mbuji-Mayi,2025,3158.34,1 to 5 million
COD,Democratic Republic of Congo,Mbuji-Mayi,2030,3899.111,1 to 5 million
COD,Democratic Republic of Congo,Mbuji-Mayi,2035,4747.652,1 to 5 million
COD,Democratic Republic of Congo,Other cities (300 000 to 500 000),2020,317.3800000000001,300 000 to 500 000
COD,Democratic Republic of Congo,Other cities (300 000 to 500 000),2025,721.1000000000001,300 000 to 500 000
COD,Democratic Republic of Congo,Other cities (300 000 to 500 000),2030,1606.886,300 000 to 500 000
COD,Democratic Republic of Congo,Other cities (300 000 to 500 000),2035,2733.045,300 000 to 500 000
COD,Democratic Republic of Congo,Other cities (500 000 to 1 million),2035,587.338999999999,500 000 to 1 million
COD,Democratic Republic of Congo,Other cities (Fewer than 300 000),2020,11696.641,Fewer than 300 000
COD,Democratic Republic of Congo,Other cities (Fewer than 300 000),2025,14117.654999999999,Fewer than 300 000
COD,Democratic Republic of Congo,Other cities (Fewer than 300 000),2030,16471.27300000001,Fewer than 300 000
COD,Democratic Republic of Congo,Other cities (Fewer than 300 000),2035,18555.348000000005,Fewer than 300 000
COD,Democratic Republic of Congo,Tshikapa,2020,919.192,500 000 to 1 million
COD,Democratic Republic of Congo,Tshikapa,2025,1185.918,1 to 5 million
COD,Democratic Republic of Congo,Tshikapa,2030,1471.978,1 to 5 million
COD,Democratic Republic of Congo,Tshikapa,2035,1792.691,1 to 5 million
COD,Democratic Republic of Congo,Uvira,2020,589.731,500 000 to 1 million
COD,Democratic Republic of Congo,Uvira,2025,760.857,500 000 to 1 million
COD,Democratic Republic of Congo,Uvira,2030,944.387,500 000 to 1 million
COD,Democratic Republic of Congo,Uvira,2035,1150.149,1 to 5 million
COG,Congo,Brazzaville,2020,2388.09,1 to 5 million
COG,Congo,Brazzaville,2025,2813.478,1 to 5 million
COG,Congo,Brazzaville,2030,3292.178,1 to 5 million
COG,Congo,Brazzaville,2035,3830.918,1 to 5 million
COG,Congo,Other cities (Fewer than 300 000),2020,254.98199999999997,Fewer than 300 000
COG,Congo,Other cities (Fewer than 300 000),2025,287.14599999999973,Fewer than 300 000
COG,Congo,Other cities (Fewer than 300 000),2030,333.4889999999996,Fewer than 300 000
COG,Congo,Other cities (Fewer than 300 000),2035,387.97899999999936,Fewer than 300 000
COG,Congo,Pointe-Noire,2020,1214.281,1 to 5 million
COG,Congo,Pointe-Noire,2025,1423.63,1 to 5 million
COG,Congo,Pointe-Noire,2030,1664.447,1 to 5 million
COG,Congo,Pointe-Noire,2035,1936.758,1 to 5 million
COM,Comoros,Other cities (Fewer than 300 000),2020,255.487,Fewer than 300 000
COM,Comoros,Other cities (Fewer than 300 000),2025,296.345,Fewer than 300 000
COM,Comoros,Other cities (Fewer than 300 000),2030,345.321,Fewer than 300 000
COM,Comoros,Other cities (Fewer than 300 000),2035,401.157,Fewer than 300 000
CPV,Cabo Verde,Other cities (Fewer than 300 000),2020,378.148,Fewer than 300 000
CPV,Cabo Verde,Other cities (Fewer than 300 000),2025,414.288,Fewer than 300 000
CPV,Cabo Verde,Other cities (Fewer than 300 000),2030,449.958,Fewer than 300 000
CPV,Cabo Verde,Other cities (Fewer than 300 000),2035,483.813,Fewer than 300 000
ERI,Eritrea,Asmara,2020,962.985,500 000 to 1 million
ERI,Eritrea,Asmara,2025,1152.176,1 to 5 million
ERI,Eritrea,Asmara,2030,1372.146,1 to 5 million
ERI,Eritrea,Asmara,2035,1618.914,1 to 5 million
ERI,Eritrea,Other cities (300 000 to 500 000),2030,331.854,300 000 to 500 000
ERI,Eritrea,Other cities (300 000 to 500 000),2035,391.694,300 000 to 500 000
ERI,Eritrea,Other cities (Fewer than 300 000),2020,1283.0529999999999,Fewer than 300 000
ERI,Eritrea,Other cities (Fewer than 300 000),2025,1546.576,Fewer than 300 000
ERI,Eritrea,Other cities (Fewer than 300 000),2030,1506.132,Fewer than 300 000
ERI,Eritrea,Other cities (Fewer than 300 000),2035,1771.323,Fewer than 300 000
ETH,Ethiopia,Addis Ababa,2020,4793.699,1 to 5 million
ETH,Ethiopia,Addis Ababa,2025,5956.679,5 to 10 million
ETH,Ethiopia,Addis Ababa,2030,7352.269,5 to 10 million
ETH,Ethiopia,Addis Ababa,2035,8938.683,5 to 10 million
ETH,Ethiopia,Dire Dawa,2020,408.096,300 000 to 500 000
ETH,Ethiopia,Dire Dawa,2025,507.101,500 000 to 1 million
ETH,Ethiopia,Dire Dawa,2030,625.909,500 000 to 1 million
ETH,Ethiopia,Dire Dawa,2035,760.963,500 000 to 1 million
ETH,Ethiopia,Gondar,2020,362.314,300 000 to 500 000
ETH,Ethiopia,Gondar,2025,450.244,300 000 to 500 000
ETH,Ethiopia,Gondar,2030,555.738,500 000 to 1 million
ETH,Ethiopia,Gondar,2035,675.651,500 000 to 1 million
ETH,Ethiopia,Mekele,2020,523.915,500 000 to 1 million
ETH,Ethiopia,Mekele,2025,637.226,500 000 to 1 million
ETH,Ethiopia,Mekele,2030,783.607,500 000 to 1 million
ETH,Ethiopia,Mekele,2035,952.55,500 000 to 1 million
ETH,Ethiopia,Nazret,2020,377.819,300 000 to 500 000
ETH,Ethiopia,Nazret,2025,467.602,300 000 to 500 000
ETH,Ethiopia,Nazret,2030,576.756,500 000 to 1 million
ETH,Ethiopia,Nazret,2035,701.185,500 000 to 1 million
ETH,Ethiopia,Other cities (300 000 to 500 000),2025,677.4260000000002,300 000 to 500 000
ETH,Ethiopia,Other cities (300 000 to 500 000),2030,1482.957,300 000 to 500 000
ETH,Ethiopia,Other cities (300 000 to 500 000),2035,2100.78,300 000 to 500 000
ETH,Ethiopia,Other cities (500 000 to 1 million),2035,1016.2709999999993,500 000 to 1 million
ETH,Ethiopia,Other cities (Fewer than 300 000),2020,17997.579999999998,Fewer than 300 000
ETH,Ethiopia,Other cities (Fewer than 300 000),2025,21791.045,Fewer than 300 000
ETH,Ethiopia,Other cities (Fewer than 300 000),2030,26118.484,Fewer than 300 000
ETH,Ethiopia,Other cities (Fewer than 300 000),2035,30341.994,Fewer than 300 000
GAB,Gabon,Libreville,2020,834.204,500 000 to 1 million
GAB,Gabon,Libreville,2025,899.225,500 000 to 1 million
GAB,Gabon,Libreville,2030,988.148,500 000 to 1 million
GAB,Gabon,Libreville,2035,1083.906,1 to 5 million
GAB,Gabon,Other cities (Fewer than 300 000),2020,1103.935,Fewer than 300 000
GAB,Gabon,Other cities (Fewer than 300 000),2025,1271.9770000000003,Fewer than 300 000
GAB,Gabon,Other cities (Fewer than 300 000),2030,1415.069,Fewer than 300 000
GAB,Gabon,Other cities (Fewer than 300 000),2035,1552.4740000000002,Fewer than 300 000
GHA,Ghana,Accra,2020,2514.005,1 to 5 million
GHA,Ghana,Accra,2025,2788.384,1 to 5 million
GHA,Ghana,Accra,2030,3187.458,1 to 5 million
GHA,Ghana,Accra,2035,3632.284,1 to 5 million
GHA,Ghana,Kumasi,2020,3348.062,1 to 5 million
GHA,Ghana,Kumasi,2025,4036.227,1 to 5 million
GHA,Ghana,Kumasi,2030,4681.047,1 to 5 million
GHA,Ghana,Kumasi,2035,5337.302,5 to 10 million
GHA,Ghana,Other cities (300 000 to 500 000),2020,667.701,300 000 to 500 000
GHA,Ghana,Other cities (300 000 to 500 000),2025,889.191,300 000 to 500 000
GHA,Ghana,Other cities (300 000 to 500 000),2030,781.439,300 000 to 500 000
GHA,Ghana,Other cities (300 000 to 500 000),2035,675.0409999999999,300 000 to 500 000
GHA,Ghana,Other cities (500 000 to 1 million),2030,568.4799999999999,500 000 to 1 million
GHA,Ghana,Other cities (500 000 to 1 million),2035,1197.459,500 000 to 1 million
GHA,Ghana,Other cities (Fewer than 300 000),2020,9508.368999999999,Fewer than 300 000
GHA,Ghana,Other cities (Fewer than 300 000),2025,10881.200999999997,Fewer than 300 000
GHA,Ghana,Other cities (Fewer than 300 000),2030,12161.383,Fewer than 300 000
GHA,Ghana,Other cities (Fewer than 300 000),2035,13491.457,Fewer than 300 000
GHA,Ghana,Sekondi Takoradi,2020,945.519,500 000 to 1 million
GHA,Ghana,Sekondi Takoradi,2025,1159.783,1 to 5 million
GHA,Ghana,Sekondi Takoradi,2030,1349.115,1 to 5 million
GHA,Ghana,Sekondi Takoradi,2035,1538.432,1 to 5 million
GHA,Ghana,Tamale,2020,641.911,500 000 to 1 million
GHA,Ghana,Tamale,2025,784.42,500 000 to 1 million
GHA,Ghana,Tamale,2030,911.879,500 000 to 1 million
GHA,Ghana,Tamale,2035,1039.814,1 to 5 million
GIN,Guinea,Conakry,2020,1938.272,1 to 5 million
GIN,Guinea,Conakry,2025,2251.591,1 to 5 million
GIN,Guinea,Conakry,2030,2687.12,1 to 5 million
GIN,Guinea,Conakry,2035,3219.084,1 to 5 million
GIN,Guinea,Other cities (300 000 to 500 000),2025,308.208,300 000 to 500 000
GIN,Guinea,Other cities (300 000 to 500 000),2030,1407.002,300 000 to 500 000
GIN,Guinea,Other cities (300 000 to 500 000),2035,2045.7379999999998,300 000 to 500 000
GIN,Guinea,Other cities (Fewer than 300 000),2020,3132.384,Fewer than 300 000
GIN,Guinea,Other cities (Fewer than 300 000),2025,3522.902,Fewer than 300 000
GIN,Guinea,Other cities (Fewer than 300 000),2030,3206.1520000000005,Fewer than 300 000
GIN,Guinea,Other cities (Fewer than 300 000),2035,3479.503999999999,Fewer than 300 000
GMB,Gambia,Banjul,2020,450.689,300 000 to 500 000
GMB,Gambia,Banjul,2025,510.303,500 000 to 1 million
GMB,Gambia,Banjul,2030,602.162,500 000 to 1 million
GMB,Gambia,Banjul,2035,705.396,500 000 to 1 million
GMB,Gambia,Other cities (Fewer than 300 000),2020,984.6189999999999,Fewer than 300 000
GMB,Gambia,Other cities (Fewer than 300 000),2025,1220.792,Fewer than 300 000
GMB,Gambia,Other cities (Fewer than 300 000),2030,1453.126,Fewer than 300 000
GMB,Gambia,Other cities (Fewer than 300 000),2035,1697.401,Fewer than 300 000
GNB,Guinea-Bissau,Bissau,2020,599.714,500 000 to 1 million
GNB,Guinea-Bissau,Bissau,2025,709.092,500 000 to 1 million
GNB,Guinea-Bissau,Bissau,2030,826.65,500 000 to 1 million
GNB,Guinea-Bissau,Bissau,2035,955.533,500 000 to 1 million
GNB,Guinea-Bissau,Other cities (Fewer than 300 000),2020,284.5179999999999,Fewer than 300 000
GNB,Guinea-Bissau,Other cities (Fewer than 300 000),2025,329.38199999999995,Fewer than 300 000
GNB,Guinea-Bissau,Other cities (Fewer than 300 000),2030,381.98300000000006,Fewer than 300 000
GNB,Guinea-Bissau,Other cities (Fewer than 300 000),2035,441.0210000000001,Fewer than 300 000
GNQ,Equatorial Guinea,Bata,2020,415.27,300 000 to 500 000
GNQ,Equatorial Guinea,Bata,2025,512.75,500 000 to 1 million
GNQ,Equatorial Guinea,Bata,2030,605.591,500 000 to 1 million
GNQ,Equatorial Guinea,Bata,2035,696.885,500 000 to 1 million
GNQ,Equatorial Guinea,Other cities (300 000 to 500 000),2020,319.50199999999995,300 000 to 500 000
GNQ,Equatorial Guinea,Other cities (300 000 to 500 000),2025,380.211,300 000 to 500 000
GNQ,Equatorial Guinea,Other cities (300 000 to 500 000),2030,446.19,300 000 to 500 000
GNQ,Equatorial Guinea,Other cities (500 000 to 1 million),2035,513.327,500 000 to 1 million
GNQ,Equatorial Guinea,Other cities (Fewer than 300 000),2020,293.2180000000001,Fewer than 300 000
GNQ,Equatorial Guinea,Other cities (Fewer than 300 000),2025,339.25199999999995,Fewer than 300 000
GNQ,Equatorial Guinea,Other cities (Fewer than 300 000),2030,392.9380000000001,Fewer than 300 000
GNQ,Equatorial Guinea,Other cities (Fewer than 300 000),2035,449.86400000000003,Fewer than 300 000
KEN,Kenya,Eldoret,2020,394.023,300 000 to 500 000
KEN,Kenya,Eldoret,2025,483.941,300 000 to 500 000
KEN,Kenya,Eldoret,2030,590.858,500 000 to 1 million
KEN,Kenya,Eldoret,2035,714.309,500 000 to 1 million
KEN,Kenya,Kisumu,2020,355.089,300 000 to 500 000
KEN,Kenya,Kisumu,2025,422.148,300 000 to 500 000
KEN,Kenya,Kisumu,2030,512.511,500 000 to 1 million
KEN,Kenya,Kisumu,2035,619.456,500 000 to 1 million
KEN,Kenya,Mombasa,2020,1295.975,1 to 5 million
KEN,Kenya,Mombasa,2025,1553.465,1 to 5 million
KEN,Kenya,Mombasa,2030,1888.688,1 to 5 million
KEN,Kenya,Mombasa,2035,2282.925,1 to 5 million
KEN,Kenya,Nairobi,2020,4734.881,1 to 5 million
KEN,Kenya,Nairobi,2025,5766.989,5 to 10 million
KEN,Kenya,Nairobi,2030,7030.891,5 to 10 million
KEN,Kenya,Nairobi,2035,8499.403,5 to 10 million
KEN,Kenya,Nakuru,2020,383.461,300 000 to 500 000
KEN,Kenya,Nakuru,2025,453.33,300 000 to 500 000
KEN,Kenya,Nakuru,2030,549.833,500 000 to 1 million
KEN,Kenya,Nakuru,2035,664.542,500 000 to 1 million
KEN,Kenya,Other cities (300 000 to 500 000),2025,1095.048,300 000 to 500 000
KEN,Kenya,Other cities (300 000 to 500 000),2030,1212.966,300 000 to 500 000
KEN,Kenya,Other cities (300 000 to 500 000),2035,438.588,300 000 to 500 000
KEN,Kenya,Other cities (500 000 to 1 million),2030,519.3879999999999,500 000 to 1 million
KEN,Kenya,Other cities (500 000 to 1 million),2035,1657.3340000000003,500 000 to 1 million
KEN,Kenya,Other cities (Fewer than 300 000),2020,7422.607999999999,Fewer than 300 000
KEN,Kenya,Other cities (Fewer than 300 000),2025,8112.344000000001,Fewer than 300 000
KEN,Kenya,Other cities (Fewer than 300 000),2030,9484.588,Fewer than 300 000
KEN,Kenya,Other cities (Fewer than 300 000),2035,11432.151999999998,Fewer than 300 000
KEN,Kenya,Ruiru,2020,389.022,300 000 to 500 000
KEN,Kenya,Ruiru,2025,484.702,300 000 to 500 000
KEN,Kenya,Ruiru,2030,593.261,500 000 to 1 million
KEN,Kenya,Ruiru,2035,717.283,500 000 to 1 million
LBR,Liberia,Monrovia,2020,1517.235,1 to 5 million
LBR,Liberia,Monrovia,2025,1794.648,1 to 5 million
LBR,Liberia,Monrovia,2030,2120.103,1 to 5 million
LBR,Liberia,Monrovia,2035,2491.203,1 to 5 million
LBR,Liberia,Other cities (Fewer than 300 000),2020,1141.3260000000002,Fewer than 300 000
LBR,Liberia,Other cities (Fewer than 300 000),2025,1355.604,Fewer than 300 000
LBR,Liberia,Other cities (Fewer than 300 000),2030,1601.7640000000001,Fewer than 300 000
LBR,Liberia,Other cities (Fewer than 300 000),2035,1880.4910000000004,Fewer than 300 000
LSO,Lesotho,Other cities (Fewer than 300 000),2020,674.092,Fewer than 300 000
LSO,Lesotho,Other cities (Fewer than 300 000),2025,774.177,Fewer than 300 000
LSO,Lesotho,Other cities (Fewer than 300 000),2030,886.719,Fewer than 300 000
LSO,Lesotho,Other cities (Fewer than 300 000),2035,1014.316,Fewer than 300 000
MDG,Madagascar,Antananarivo,2020,3368.585,1 to 5 million
MDG,Madagascar,Antananarivo,2025,4228.984,1 to 5 million
MDG,Madagascar,Antananarivo,2030,5189.298,5 to 10 million
MDG,Madagascar,Antananarivo,2035,6245.333,5 to 10 million
MDG,Madagascar,Antsirabe,2020,355.832,300 000 to 500 000
MDG,Madagascar,Antsirabe,2025,446.06,300 000 to 500 000
MDG,Madagascar,Antsirabe,2030,547.211,500 000 to 1 million
MDG,Madagascar,Antsirabe,2035,658.563,500 000 to 1 million
MDG,Madagascar,Other cities (300 000 to 500 000),2025,684.6460000000002,300 000 to 500 000
MDG,Madagascar,Other cities (300 000 to 500 000),2030,1170.598,300 000 to 500 000
MDG,Madagascar,Other cities (300 000 to 500 000),2035,1031.0300000000002,300 000 to 500 000
MDG,Madagascar,Other cities (500 000 to 1 million),2035,1010.1030000000001,500 000 to 1 million
MDG,Madagascar,Other cities (Fewer than 300 000),2020,6511.437,Fewer than 300 000
MDG,Madagascar,Other cities (Fewer than 300 000),2025,7286.177,Fewer than 300 000
MDG,Madagascar,Other cities (Fewer than 300 000),2030,8512.776,Fewer than 300 000
MDG,Madagascar,Other cities (Fewer than 300 000),2035,9562.121000000001,Fewer than 300 000
MDG,Madagascar,Toamasina,2020,434.398,300 000 to 500 000
MDG,Madagascar,Toamasina,2025,554.082,500 000 to 1 million
MDG,Madagascar,Toamasina,2030,681.777,500 000 to 1 million
MDG,Madagascar,Toamasina,2035,820.608,500 000 to 1 million
MLI,Mali,Bamako,2020,2617.686,1 to 5 million
MLI,Mali,Bamako,2025,3180.343,1 to 5 million
MLI,Mali,Bamako,2030,3931.535,1 to 5 million
MLI,Mali,Bamako,2035,4794.392,1 to 5 million
MLI,Mali,Other cities (300 000 to 500 000),2025,652.1619999999998,300 000 to 500 000
MLI,Mali,Other cities (300 000 to 500 000),2030,815.018,300 000 to 500 000
MLI,Mali,Other cities (300 000 to 500 000),2035,1118.615,300 000 to 500 000
MLI,Mali,Other cities (500 000 to 1 million),2035,519.274,500 000 to 1 million
MLI,Mali,Other cities (Fewer than 300 000),2020,5902.688,Fewer than 300 000
MLI,Mali,Other cities (Fewer than 300 000),2025,6870.1320000000005,Fewer than 300 000
MLI,Mali,Other cities (Fewer than 300 000),2030,8495.945,Fewer than 300 000
MLI,Mali,Other cities (Fewer than 300 000),2035,9673.061000000002,Fewer than 300 000
MLI,Mali,Sikasso,2020,386.262,300 000 to 500 000
MLI,Mali,Sikasso,2025,487.989,300 000 to 500 000
MLI,Mali,Sikasso,2030,607.352,500 000 to 1 million
MLI,Mali,Sikasso,2035,740.843,500 000 to 1 million
MOZ,Mozambique,Beira,2020,569.911,500 000 to 1 million
MOZ,Mozambique,Beira,2025,666.616,500 000 to 1 million
MOZ,Mozambique,Beira,2030,812.756,500 000 to 1 million
MOZ,Mozambique,Beira,2035,991.2,500 000 to 1 million
MOZ,Mozambique,Chimoio,2020,425.069,300 000 to 500 000
MOZ,Mozambique,Chimoio,2025,529.423,500 000 to 1 million
MOZ,Mozambique,Chimoio,2030,652.554,500 000 to 1 million
MOZ,Mozambique,Chimoio,2035,796.162,500 000 to 1 million
MOZ,Mozambique,Maputo,2020,1110.477,1 to 5 million
MOZ,Mozambique,Maputo,2025,1230.071,1 to 5 million
MOZ,Mozambique,Maputo,2030,1485.645,1 to 5 million
MOZ,Mozambique,Maputo,2035,1811.161,1 to 5 million
MOZ,Mozambique,Matola,2020,1705.886,1 to 5 million
MOZ,Mozambique,Matola,2025,1984.662,1 to 5 million
MOZ,Mozambique,Matola,2030,2417.502,1 to 5 million
MOZ,Mozambique,Matola,2035,2948.168,1 to 5 million
MOZ,Mozambique,Nampula,2020,848.096,500 000 to 1 million
MOZ,Mozambique,Nampula,2025,1057.293,1 to 5 million
MOZ,Mozambique,Nampula,2030,1303.404,1 to 5 million
MOZ,Mozambique,Nampula,2035,1590.254,1 to 5 million
MOZ,Mozambique,Other cities (300 000 to 500 000),2030,1402.1309999999999,300 000 to 500 000
MOZ,Mozambique,Other cities (300 000 to 500 000),2035,1710.4,300 000 to 500 000
MOZ,Mozambique,Other cities (Fewer than 300 000),2020,6533.536999999999,Fewer than 300 000
MOZ,Mozambique,Other cities (Fewer than 300 000),2025,8316.703000000001,Fewer than 300 000
MOZ,Mozambique,Other cities (Fewer than 300 000),2030,8846.312999999998,Fewer than 300 000
MOZ,Mozambique,Other cities (Fewer than 300 000),2035,10764.964999999998,Fewer than 300 000
MOZ,Mozambique,Quelimane,2020,414.813,300 000 to 500 000
MOZ,Mozambique,Quelimane,2025,536.362,500 000 to 1 million
MOZ,Mozambique,Quelimane,2030,665.413,500 000 to 1 million
MOZ,Mozambique,Quelimane,2035,812.054,500 000 to 1 million
MOZ,Mozambique,Tete,2020,370.65,300 000 to 500 000
MOZ,Mozambique,Tete,2025,489.549,300 000 to 500 000
MOZ,Mozambique,Tete,2030,609.577,500 000 to 1 million
MOZ,Mozambique,Tete,2035,744.02,500 000 to 1 million
MRT,Mauritania,Nouakchott,2020,1314.636,1 to 5 million
MRT,Mauritania,Nouakchott,2025,1612.94,1 to 5 million
MRT,Mauritania,Nouakchott,2030,1924.623,1 to 5 million
MRT,Mauritania,Nouakchott,2035,2250.783,1 to 5 million
MRT,Mauritania,Other cities (Fewer than 300 000),2020,1332.078,Fewer than 300 000
MRT,Mauritania,Other cities (Fewer than 300 000),2025,1593.7959999999998,Fewer than 300 000
MRT,Mauritania,Other cities (Fewer than 300 000),2030,1883.1439999999998,Fewer than 300 000
MRT,Mauritania,Other cities (Fewer than 300 000),2035,2193.3300000000004,Fewer than 300 000
MUS,Mauritius,Other cities (Fewer than 300 000),2020,519.33,Fewer than 300 000
MUS,Mauritius,Other cities (Fewer than 300 000),2025,526.689,Fewer than 300 000
MUS,Mauritius,Other cities (Fewer than 300 000),2030,538.588,Fewer than 300 000
MUS,Mauritius,Other cities (Fewer than 300 000),2035,554.003,Fewer than 300 000
MWI,Malawi,Blantyre-Limbe,2020,932.263,500 000 to 1 million
MWI,Malawi,Blantyre-Limbe,2025,1114.087,1 to 5 million
MWI,Malawi,Blantyre-Limbe,2030,1388.823,1 to 5 million
MWI,Malawi,Blantyre-Limbe,2035,1755.364,1 to 5 million
MWI,Malawi,Lilongwe,2020,1121.72,1 to 5 million
MWI,Malawi,Lilongwe,2025,1393.006,1 to 5 million
MWI,Malawi,Lilongwe,2030,1748.132,1 to 5 million
MWI,Malawi,Lilongwe,2035,2210.074,1 to 5 million
MWI,Malawi,Other cities (300 000 to 500 000),2030,357.672,300 000 to 500 000
MWI,Malawi,Other cities (300 000 to 500 000),2035,452.198,300 000 to 500 000
MWI,Malawi,Other cities (Fewer than 300 000),2020,1480.8529999999996,Fewer than 300 000
MWI,Malawi,Other cities (Fewer than 300 000),2025,1900.031,Fewer than 300 000
MWI,Malawi,Other cities (Fewer than 300 000),2030,2056.497,Fewer than 300 000
MWI,Malawi,Other cities (Fewer than 300 000),2035,2604.093999999999,Fewer than 300 000
NAM,Namibia,Other cities (Fewer than 300 000),2020,971.9279999999999,Fewer than 300 000
NAM,Namibia,Other cities (Fewer than 300 000),2025,1172.179,Fewer than 300 000
NAM,Namibia,Other cities (Fewer than 300 000),2030,1373.284,Fewer than 300 000
NAM,Namibia,Other cities (Fewer than 300 000),2035,1573.779,Fewer than 300 000
NAM,Namibia,Windhoek,2020,431.171,300 000 to 500 000
NAM,Namibia,Windhoek,2025,511.369,500 000 to 1 million
NAM,Namibia,Windhoek,2030,598.831,500 000 to 1 million
NAM,Namibia,Windhoek,2035,687.714,500 000 to 1 million
NER,Niger,Niamey,2020,1291.848,1 to 5 million
NER,Niger,Niamey,2025,1561.491,1 to 5 million
NER,Niger,Niamey,2030,1988.002,1 to 5 million
NER,Niger,Niamey,2035,2600.422,1 to 5 million
NER,Niger,Other cities (300 000 to 500 000),2025,645.9780000000001,300 000 to 500 000
NER,Niger,Other cities (300 000 to 500 000),2030,824.4380000000001,300 000 to 500 000
NER,Niger,Other cities (300 000 to 500 000),2035,309.634,300 000 to 500 000
NER,Niger,Other cities (500 000 to 1 million),2035,1078.518,500 000 to 1 million
NER,Niger,Other cities (Fewer than 300 000),2020,2221.612,Fewer than 300 000
NER,Niger,Other cities (Fewer than 300 000),2025,2228.537,Fewer than 300 000
NER,Niger,Other cities (Fewer than 300 000),2030,2916.129,Fewer than 300 000
NER,Niger,Other cities (Fewer than 300 000),2035,3527.8740000000007,Fewer than 300 000
NER,Niger,Zinder,2020,489.178,300 000 to 500 000
NER,Niger,Zinder,2025,631.672,500 000 to 1 million
NER,Niger,Zinder,2030,813.476,500 000 to 1 million
NER,Niger,Zinder,2035,1064.547,1 to 5 million
NGA,Nigeria,Aba,2020,1081.466,1 to 5 million
NGA,Nigeria,Aba,2025,1274.785,1 to 5 million
NGA,Nigeria,Aba,2030,1527.254,1 to 5 million
NGA,Nigeria,Aba,2035,1810.201,1 to 5 million
NGA,Nigeria,Abakaliki,2020,572.028,500 000 to 1 million
NGA,Nigeria,Abakaliki,2025,723.065,500 000 to 1 million
NGA,Nigeria,Abakaliki,2030,876.822,500 000 to 1 million
NGA,Nigeria,Abakaliki,2035,1039.756,1 to 5 million
NGA,Nigeria,Abeokuta,2020,532.856,500 000 to 1 million
NGA,Nigeria,Abeokuta,2025,607.58,500 000 to 1 million
NGA,Nigeria,Abeokuta,2030,723.729,500 000 to 1 million
NGA,Nigeria,Abeokuta,2035,857.619,500 000 to 1 million
NGA,Nigeria,Abuja,2020,3277.74,1 to 5 million
NGA,Nigeria,Abuja,2025,4209.945,1 to 5 million
NGA,Nigeria,Abuja,2030,5119.34,5 to 10 million
NGA,Nigeria,Abuja,2035,6071.282,5 to 10 million
NGA,Nigeria,Ado-Ekiti,2020,479.674,300 000 to 500 000
NGA,Nigeria,Ado-Ekiti,2025,577.95,500 000 to 1 million
NGA,Nigeria,Ado-Ekiti,2030,695.048,500 000 to 1 million
NGA,Nigeria,Ado-Ekiti,2035,823.938,500 000 to 1 million
NGA,Nigeria,Akure,2020,665.524,500 000 to 1 million
NGA,Nigeria,Akure,2025,803.062,500 000 to 1 million
NGA,Nigeria,Akure,2030,966.018,500 000 to 1 million
NGA,Nigeria,Akure,2035,1145.167,1 to 5 million
NGA,Nigeria,Bauchi,2020,597.679,500 000 to 1 million
NGA,Nigeria,Bauchi,2025,723.806,500 000 to 1 million
NGA,Nigeria,Bauchi,2030,871.225,500 000 to 1 million
NGA,Nigeria,Bauchi,2035,1032.821,1 to 5 million
NGA,Nigeria,Benin City,2020,1727.169,1 to 5 million
NGA,Nigeria,Benin City,2025,2044.654,1 to 5 million
NGA,Nigeria,Benin City,2030,2451.414,1 to 5 million
NGA,Nigeria,Benin City,2035,2905.66,1 to 5 million
NGA,Nigeria,Birnin Kebbi,2020,366.254,300 000 to 500 000
NGA,Nigeria,Birnin Kebbi,2025,445.671,300 000 to 500 000
NGA,Nigeria,Birnin Kebbi,2030,536.887,500 000 to 1 million
NGA,Nigeria,Birnin Kebbi,2035,636.49,500 000 to 1 million
NGA,Nigeria,Calabar,2020,579.273,500 000 to 1 million
NGA,Nigeria,Calabar,2025,712.904,500 000 to 1 million
NGA,Nigeria,Calabar,2030,860.502,500 000 to 1 million
NGA,Nigeria,Calabar,2035,1020.219,1 to 5 million
NGA,Nigeria,Effon Alaiye,2020,383.566,300 000 to 500 000
NGA,Nigeria,Effon Alaiye,2025,456.749,300 000 to 500 000
NGA,Nigeria,Effon Alaiye,2030,548.173,500 000 to 1 million
NGA,Nigeria,Effon Alaiye,2035,649.775,500 000 to 1 million
NGA,Nigeria,Enugu,2020,772.872,500 000 to 1 million
NGA,Nigeria,Enugu,2025,906.658,500 000 to 1 million
NGA,Nigeria,Enugu,2030,1085.316,1 to 5 million
NGA,Nigeria,Enugu,2035,1286.345,1 to 5 million
NGA,Nigeria,Gboko,2020,441.75,300 000 to 500 000
NGA,Nigeria,Gboko,2025,524.436,500 000 to 1 million
NGA,Nigeria,Gboko,2030,629.075,500 000 to 1 million
NGA,Nigeria,Gboko,2035,745.657,500 000 to 1 million
NGA,Nigeria,Gombe,2020,508.575,500 000 to 1 million
NGA,Nigeria,Gombe,2025,619.995,500 000 to 1 million
NGA,Nigeria,Gombe,2030,747.129,500 000 to 1 million
NGA,Nigeria,Gombe,2035,885.747,500 000 to 1 million
NGA,Nigeria,Gwagwalada,2020,409.916,300 000 to 500 000
NGA,Nigeria,Gwagwalada,2025,566.097,500 000 to 1 million
NGA,Nigeria,Gwagwalada,2030,697.09,500 000 to 1 million
NGA,Nigeria,Gwagwalada,2035,827.117,500 000 to 1 million
NGA,Nigeria,Ibadan,2020,3551.961,1 to 5 million
NGA,Nigeria,Ibadan,2025,4144.126,1 to 5 million
NGA,Nigeria,Ibadan,2030,4956.033,1 to 5 million
NGA,Nigeria,Ibadan,2035,5873.808,5 to 10 million
NGA,Nigeria,Ife,2020,374.27,300 000 to 500 000
NGA,Nigeria,Ife,2025,438.074,300 000 to 500 000
NGA,Nigeria,Ife,2030,524.192,500 000 to 1 million
NGA,Nigeria,Ife,2035,621.278,500 000 to 1 million
NGA,Nigeria,Igbidu,2020,452.583,300 000 to 500 000
NGA,Nigeria,Igbidu,2025,528.27,500 000 to 1 million
NGA,Nigeria,Igbidu,2030,631.816,500 000 to 1 million
NGA,Nigeria,Igbidu,2035,748.82,500 000 to 1 million
NGA,Nigeria,Ijebu-Ode,2020,344.676,300 000 to 500 000
NGA,Nigeria,Ijebu-Ode,2025,408.731,300 000 to 500 000
NGA,Nigeria,Ijebu-Ode,2030,490.188,300 000 to 500 000
NGA,Nigeria,Ijebu-Ode,2035,581.027,500 000 to 1 million
NGA,Nigeria,Ikorodu,2020,937.615,500 000 to 1 million
NGA,Nigeria,Ikorodu,2025,1196.821,1 to 5 million
NGA,Nigeria,Ikorodu,2030,1453.781,1 to 5 million
NGA,Nigeria,Ikorodu,2035,1724.04,1 to 5 million
NGA,Nigeria,Ikot Ekpene,2020,382.502,300 000 to 500 000
NGA,Nigeria,Ikot Ekpene,2025,467.604,300 000 to 500 000
NGA,Nigeria,Ikot Ekpene,2030,563.762,500 000 to 1 million
NGA,Nigeria,Ikot Ekpene,2035,668.371,500 000 to 1 million
NGA,Nigeria,Ilesha,2020,357.052,300 000 to 500 000
NGA,Nigeria,Ilesha,2025,431.992,300 000 to 500 000
NGA,Nigeria,Ilesha,2030,519.891,500 000 to 1 million
NGA,Nigeria,Ilesha,2035,616.317,500 000 to 1 million
NGA,Nigeria,Ilorin,2020,949.866,500 000 to 1 million
NGA,Nigeria,Ilorin,2025,1099.959,1 to 5 million
NGA,Nigeria,Ilorin,2030,1313.754,1 to 5 million
NGA,Nigeria,Ilorin,2035,1556.961,1 to 5 million
NGA,Nigeria,Jos,2020,895.288,500 000 to 1 million
NGA,Nigeria,Jos,2025,1035.089,1 to 5 million
NGA,Nigeria,Jos,2030,1235.93,1 to 5 million
NGA,Nigeria,Jos,2035,1464.715,1 to 5 million
NGA,Nigeria,Kaduna,2020,1113.21,1 to 5 million
NGA,Nigeria,Kaduna,2025,1259.939,1 to 5 million
NGA,Nigeria,Kaduna,2030,1498.869,1 to 5 million
NGA,Nigeria,Kaduna,2035,1776.072,1 to 5 million
NGA,Nigeria,Kano,2020,3999.05,1 to 5 million
NGA,Nigeria,Kano,2025,4645.315,1 to 5 million
NGA,Nigeria,Kano,2030,5551.186,5 to 10 million
NGA,Nigeria,Kano,2035,6578.98,5 to 10 million
NGA,Nigeria,Katsina,2020,469.557,300 000 to 500 000
NGA,Nigeria,Katsina,2025,564.796,500 000 to 1 million
NGA,Nigeria,Katsina,2030,679.029,500 000 to 1 million
NGA,Nigeria,Katsina,2035,804.939,500 000 to 1 million
NGA,Nigeria,Lafia,2020,336.17,300 000 to 500 000
NGA,Nigeria,Lafia,2025,402.86,300 000 to 500 000
NGA,Nigeria,Lafia,2030,484.029,300 000 to 500 000
NGA,Nigeria,Lafia,2035,573.767,500 000 to 1 million
NGA,Nigeria,Lagos,2020,14368.332,10 million or more
NGA,Nigeria,Lagos,2025,17156.393,10 million or more
NGA,Nigeria,Lagos,2030,20600.156,10 million or more
NGA,Nigeria,Lagos,2035,24418.768,10 million or more
NGA,Nigeria,Lokoja,2020,692.05,500 000 to 1 million
NGA,Nigeria,Lokoja,2025,931.092,500 000 to 1 million
NGA,Nigeria,Lokoja,2030,1141.365,1 to 5 million
NGA,Nigeria,Lokoja,2035,1354.024,1 to 5 million
NGA,Nigeria,Maiduguri,2020,786.485,500 000 to 1 million
NGA,Nigeria,Maiduguri,2025,898.535,500 000 to 1 million
NGA,Nigeria,Maiduguri,2030,1070.669,1 to 5 million
NGA,Nigeria,Maiduguri,2035,1268.76,1 to 5 million
NGA,Nigeria,Makurdi,2020,407.257,300 000 to 500 000
NGA,Nigeria,Makurdi,2025,489.839,300 000 to 500 000
NGA,Nigeria,Makurdi,2030,588.907,500 000 to 1 million
NGA,Nigeria,Makurdi,2035,698.106,500 000 to 1 million
NGA,Nigeria,Minna,2020,447.959,300 000 to 500 000
NGA,Nigeria,Minna,2025,532.497,500 000 to 1 million
NGA,Nigeria,Minna,2030,638.889,500 000 to 1 million
NGA,Nigeria,Minna,2035,757.296,500 000 to 1 million
NGA,Nigeria,Nnewi,2020,1050.86,1 to 5 million
NGA,Nigeria,Nnewi,2025,1361.843,1 to 5 million
NGA,Nigeria,Nnewi,2030,1658.584,1 to 5 million
NGA,Nigeria,Nnewi,2035,1967.116,1 to 5 million
NGA,Nigeria,Ogbomosho,2020,551.474,500 000 to 1 million
NGA,Nigeria,Ogbomosho,2025,682.789,500 000 to 1 million
NGA,Nigeria,Ogbomosho,2030,825.012,500 000 to 1 million
NGA,Nigeria,Ogbomosho,2035,978.181,500 000 to 1 million
NGA,Nigeria,Okene,2020,464.573,300 000 to 500 000
NGA,Nigeria,Okene,2025,546.482,500 000 to 1 million
NGA,Nigeria,Okene,2030,654.476,500 000 to 1 million
NGA,Nigeria,Okene,2035,775.717,500 000 to 1 million
NGA,Nigeria,Okpogho,2020,439.855,300 000 to 500 000
NGA,Nigeria,Okpogho,2025,551.191,500 000 to 1 million
NGA,Nigeria,Okpogho,2030,667.395,500 000 to 1 million
NGA,Nigeria,Okpogho,2035,791.365,500 000 to 1 million
NGA,Nigeria,Ondo,2020,432.222,300 000 to 500 000
NGA,Nigeria,Ondo,2025,509.723,500 000 to 1 million
NGA,Nigeria,Ondo,2030,610.722,500 000 to 1 million
NGA,Nigeria,Ondo,2035,723.87,500 000 to 1 million
NGA,Nigeria,Onitsha,2020,1414.79,1 to 5 million
NGA,Nigeria,Onitsha,2025,1767.107,1 to 5 million
NGA,Nigeria,Onitsha,2030,2138.441,1 to 5 million
NGA,Nigeria,Onitsha,2035,2535.607,1 to 5 million
NGA,Nigeria,Oshogbo,2020,713.677,500 000 to 1 million
NGA,Nigeria,Oshogbo,2025,822.497,500 000 to 1 million
NGA,Nigeria,Oshogbo,2030,981.547,500 000 to 1 million
NGA,Nigeria,Oshogbo,2035,1163.217,1 to 5 million
NGA,Nigeria,Other cities (300 000 to 500 000),2020,1241.2129999999997,300 000 to 500 000
NGA,Nigeria,Other cities (300 000 to 500 000),2025,3534.6079999999997,300 000 to 500 000
NGA,Nigeria,Other cities (300 000 to 500 000),2030,6557.344000000001,300 000 to 500 000
NGA,Nigeria,Other cities (300 000 to 500 000),2035,6350.399000000001,300 000 to 500 000
NGA,Nigeria,Other cities (500 000 to 1 million),2035,3707.0700000000033,500 000 to 1 million
NGA,Nigeria,Other cities (Fewer than 300 000),2020,48285.754,Fewer than 300 000
NGA,Nigeria,Other cities (Fewer than 300 000),2025,57211.66099999999,Fewer than 300 000
NGA,Nigeria,Other cities (Fewer than 300 000),2030,66030.06599999999,Fewer than 300 000
NGA,Nigeria,Other cities (Fewer than 300 000),2035,75591.56199999999,Fewer than 300 000
NGA,Nigeria,Owerri,2020,872.604,500 000 to 1 million
NGA,Nigeria,Owerri,2025,1063.679,1 to 5 million
NGA,Nigeria,Owerri,2030,1281.773,1 to 5 million
NGA,Nigeria,Owerri,2035,1519.584,1 to 5 million
NGA,Nigeria,Oyo,2020,427.581,300 000 to 500 000
NGA,Nigeria,Oyo,2025,505.697,500 000 to 1 million
NGA,Nigeria,Oyo,2030,606.2,500 000 to 1 million
NGA,Nigeria,Oyo,2035,718.524,500 000 to 1 million
NGA,Nigeria,Port Harcourt,2020,3020.232,1 to 5 million
NGA,Nigeria,Port Harcourt,2025,3793.775,1 to 5 million
NGA,Nigeria,Port Harcourt,2030,4595.496,1 to 5 million
NGA,Nigeria,Port Harcourt,2035,5449.213,5 to 10 million
NGA,Nigeria,Potiskum,2020,426.253,300 000 to 500 000
NGA,Nigeria,Potiskum,2025,565.496,500 000 to 1 million
NGA,Nigeria,Potiskum,2030,691.521,500 000 to 1 million
NGA,Nigeria,Potiskum,2035,820.288,500 000 to 1 million
NGA,Nigeria,Saki,2020,376.254,300 000 to 500 000
NGA,Nigeria,Saki,2025,471.65,300 000 to 500 000
NGA,Nigeria,Saki,2030,571.118,500 000 to 1 million
NGA,Nigeria,Saki,2035,677.206,500 000 to 1 million
NGA,Nigeria,Sokoto,2020,641.249,500 000 to 1 million
NGA,Nigeria,Sokoto,2025,761.331,500 000 to 1 million
NGA,Nigeria,Sokoto,2030,913.25,500 000 to 1 million
NGA,Nigeria,Sokoto,2035,1082.496,1 to 5 million
NGA,Nigeria,Umuahia,2020,773.822,500 000 to 1 million
NGA,Nigeria,Umuahia,2025,990.439,500 000 to 1 million
NGA,Nigeria,Umuahia,2030,1203.657,1 to 5 million
NGA,Nigeria,Umuahia,2035,1427.443,1 to 5 million
NGA,Nigeria,Uyo,2020,1135.775,1 to 5 million
NGA,Nigeria,Uyo,2025,1457.022,1 to 5 million
NGA,Nigeria,Uyo,2030,1771.382,1 to 5 million
NGA,Nigeria,Uyo,2035,2100.753,1 to 5 million
NGA,Nigeria,Warri,2020,855.941,500 000 to 1 million
NGA,Nigeria,Warri,2025,1076.125,1 to 5 million
NGA,Nigeria,Warri,2030,1303.739,1 to 5 million
NGA,Nigeria,Warri,2035,1545.947,1 to 5 million
NGA,Nigeria,Zaria,2020,726.172,500 000 to 1 million
NGA,Nigeria,Zaria,2025,809.652,500 000 to 1 million
NGA,Nigeria,Zaria,2030,960.69,500 000 to 1 million
NGA,Nigeria,Zaria,2035,1138.246,1 to 5 million
RWA,Rwanda,Kigali,2020,1132.101,1 to 5 million
RWA,Rwanda,Kigali,2025,1329.829,1 to 5 million
RWA,Rwanda,Kigali,2030,1568.247,1 to 5 million
RWA,Rwanda,Kigali,2035,1876.118,1 to 5 million
RWA,Rwanda,Other cities (300 000 to 500 000),2025,303.662,300 000 to 500 000
RWA,Rwanda,Other cities (300 000 to 500 000),2030,363.846,300 000 to 500 000
RWA,Rwanda,Other cities (300 000 to 500 000),2035,435.543,300 000 to 500 000
RWA,Rwanda,Other cities (Fewer than 300 000),2020,1149.2289999999998,Fewer than 300 000
RWA,Rwanda,Other cities (Fewer than 300 000),2025,1026.453,Fewer than 300 000
RWA,Rwanda,Other cities (Fewer than 300 000),2030,1211.7499999999998,Fewer than 300 000
RWA,Rwanda,Other cities (Fewer than 300 000),2035,1457.324,Fewer than 300 000
SDN,Sudan,Al Gadarif,2020,356.55,300 000 to 500 000
SDN,Sudan,Al Gadarif,2025,410.422,300 000 to 500 000
SDN,Sudan,Al Gadarif,2030,486.95,300 000 to 500 000
SDN,Sudan,Al Gadarif,2035,583.157,500 000 to 1 million
SDN,Sudan,Al Obeid (Al Ubayyid),2020,481.35,300 000 to 500 000
SDN,Sudan,Al Obeid (Al Ubayyid),2025,560.471,500 000 to 1 million
SDN,Sudan,Al Obeid (Al Ubayyid),2030,666.3,500 000 to 1 million
SDN,Sudan,Al Obeid (Al Ubayyid),2035,798.003,500 000 to 1 million
SDN,Sudan,Al-Khartum (Khartoum),2020,5828.858,5 to 10 million
SDN,Sudan,Al-Khartum (Khartoum),2025,6754.18,5 to 10 million
SDN,Sudan,Al-Khartum (Khartoum),2030,8022.781,5 to 10 million
SDN,Sudan,Al-Khartum (Khartoum),2035,9608.277,5 to 10 million
SDN,Sudan,Kassala,2020,364.024,300 000 to 500 000
SDN,Sudan,Kassala,2025,411.574,300 000 to 500 000
SDN,Sudan,Kassala,2030,486.799,300 000 to 500 000
SDN,Sudan,Kassala,2035,582.906,500 000 to 1 million
SDN,Sudan,Nyala,2020,922.532,500 000 to 1 million
SDN,Sudan,Nyala,2025,1145.588,1 to 5 million
SDN,Sudan,Nyala,2030,1377.185,1 to 5 million
SDN,Sudan,Nyala,2035,1650.118,1 to 5 million
SDN,Sudan,Other cities (300 000 to 500 000),2020,308.8000000000002,300 000 to 500 000
SDN,Sudan,Other cities (300 000 to 500 000),2025,360.845,300 000 to 500 000
SDN,Sudan,Other cities (300 000 to 500 000),2030,764.346,300 000 to 500 000
SDN,Sudan,Other cities (300 000 to 500 000),2035,724.631,300 000 to 500 000
SDN,Sudan,Other cities (500 000 to 1 million),2035,514.1050000000005,500 000 to 1 million
SDN,Sudan,Other cities (Fewer than 300 000),2020,6229.317000000001,Fewer than 300 000
SDN,Sudan,Other cities (Fewer than 300 000),2025,7601.227000000001,Fewer than 300 000
SDN,Sudan,Other cities (Fewer than 300 000),2030,8814.860000000002,Fewer than 300 000
SDN,Sudan,Other cities (Fewer than 300 000),2035,10243.87,Fewer than 300 000
SDN,Sudan,Port Sudan (Bur Sudan),2020,483.51,300 000 to 500 000
SDN,Sudan,Port Sudan (Bur Sudan),2025,547.26,500 000 to 1 million
SDN,Sudan,Port Sudan (Bur Sudan),2030,647.407,500 000 to 1 million
SDN,Sudan,Port Sudan (Bur Sudan),2035,775.228,500 000 to 1 million
SDN,Sudan,Wad Medani,2020,374.483,300 000 to 500 000
SDN,Sudan,Wad Medani,2025,428.915,300 000 to 500 000
SDN,Sudan,Wad Medani,2030,508.449,500 000 to 1 million
SDN,Sudan,Wad Medani,2035,608.883,500 000 to 1 million
SEN,Senegal,Dakar,2020,3140.442,1 to 5 million
SEN,Senegal,Dakar,2025,3658.643,1 to 5 million
SEN,Senegal,Dakar,2030,4338.834,1 to 5 million
SEN,Senegal,Dakar,2035,5134.902,5 to 10 million
SEN,Senegal,Other cities (300 000 to 500 000),2025,684.0419999999999,300 000 to 500 000
SEN,Senegal,Other cities (300 000 to 500 000),2030,1500.059,300 000 to 500 000
SEN,Senegal,Other cities (300 000 to 500 000),2035,1272.063,300 000 to 500 000
SEN,Senegal,Other cities (500 000 to 1 million),2035,503.347,500 000 to 1 million
SEN,Senegal,Other cities (Fewer than 300 000),2020,4412.099999999999,Fewer than 300 000
SEN,Senegal,Other cities (Fewer than 300 000),2025,4704.682,Fewer than 300 000
SEN,Senegal,Other cities (Fewer than 300 000),2030,4920.615000000002,Fewer than 300 000
SEN,Senegal,Other cities (Fewer than 300 000),2035,5813.2519999999995,Fewer than 300 000
SEN,Senegal,Rufisque,2020,347.295,300 000 to 500 000
SEN,Senegal,Rufisque,2025,416.72,300 000 to 500 000
SEN,Senegal,Rufisque,2030,496.729,300 000 to 500 000
SEN,Senegal,Rufisque,2035,587.984,500 000 to 1 million
SEN,Senegal,Thies,2020,377.286,300 000 to 500 000
SEN,Senegal,Thies,2025,439.644,300 000 to 500 000
SEN,Senegal,Thies,2030,521.4,500 000 to 1 million
SEN,Senegal,Thies,2035,617.065,500 000 to 1 million
SLE,Sierra Leone,Freetown,2020,1201.9,1 to 5 million
SLE,Sierra Leone,Freetown,2025,1387.356,1 to 5 million
SLE,Sierra Leone,Freetown,2030,1605.308,1 to 5 million
SLE,Sierra Leone,Freetown,2035,1848.562,1 to 5 million
SLE,Sierra Leone,Other cities (300 000 to 500 000),2030,333.767,300 000 to 500 000
SLE,Sierra Leone,Other cities (300 000 to 500 000),2035,384.425,300 000 to 500 000
SLE,Sierra Leone,Other cities (Fewer than 300 000),2020,2252.071,Fewer than 300 000
SLE,Sierra Leone,Other cities (Fewer than 300 000),2025,2629.7,Fewer than 300 000
SLE,Sierra Leone,Other cities (Fewer than 300 000),2030,2711.6000000000004,Fewer than 300 000
SLE,Sierra Leone,Other cities (Fewer than 300 000),2035,3118.2,Fewer than 300 000
SOM,Somalia,Berbera,2020,499.396,300 000 to 500 000
SOM,Somalia,Berbera,2025,620.461,500 000 to 1 million
SOM,Somalia,Berbera,2030,761.821,500 000 to 1 million
SOM,Somalia,Berbera,2035,925.556,500 000 to 1 million
SOM,Somalia,Hargeysa,2020,988.716,500 000 to 1 million
SOM,Somalia,Hargeysa,2025,1227.615,1 to 5 million
SOM,Somalia,Hargeysa,2030,1507.135,1 to 5 million
SOM,Somalia,Hargeysa,2035,1831.049,1 to 5 million
SOM,Somalia,Kismaayo,2020,471.134,300 000 to 500 000
SOM,Somalia,Kismaayo,2025,581.32,500 000 to 1 million
SOM,Somalia,Kismaayo,2030,712.908,500 000 to 1 million
SOM,Somalia,Kismaayo,2035,866.091,500 000 to 1 million
SOM,Somalia,Merca,2020,666.37,500 000 to 1 million
SOM,Somalia,Merca,2025,828.008,500 000 to 1 million
SOM,Somalia,Merca,2030,1016.673,1 to 5 million
SOM,Somalia,Merca,2035,1235.183,1 to 5 million
SOM,Somalia,Muqdisho (Mogadishu),2020,2282.009,1 to 5 million
SOM,Somalia,Muqdisho (Mogadishu),2025,2846.418,1 to 5 million
SOM,Somalia,Muqdisho (Mogadishu),2030,3497.308,1 to 5 million
SOM,Somalia,Muqdisho (Mogadishu),2035,4249.083,1 to 5 million
SOM,Somalia,Other cities (Fewer than 300 000),2020,2523.4129999999996,Fewer than 300 000
SOM,Somalia,Other cities (Fewer than 300 000),2025,3064.736999999999,Fewer than 300 000
SOM,Somalia,Other cities (Fewer than 300 000),2030,3733.4039999999995,Fewer than 300 000
SOM,Somalia,Other cities (Fewer than 300 000),2035,4519.188,Fewer than 300 000
SSD,South Sudan,Juba,2020,403.215,300 000 to 500 000
SSD,South Sudan,Juba,2025,500.088,500 000 to 1 million
SSD,South Sudan,Juba,2030,616.901,500 000 to 1 million
SSD,South Sudan,Juba,2035,761.141,500 000 to 1 million
SSD,South Sudan,Other cities (300 000 to 500 000),2030,335.902,300 000 to 500 000
SSD,South Sudan,Other cities (300 000 to 500 000),2035,714.7139999999999,300 000 to 500 000
SSD,South Sudan,Other cities (Fewer than 300 000),2020,2345.846,Fewer than 300 000
SSD,South Sudan,Other cities (Fewer than 300 000),2025,2878.1659999999997,Fewer than 300 000
SSD,South Sudan,Other cities (Fewer than 300 000),2030,3210.8060000000005,Fewer than 300 000
SSD,South Sudan,Other cities (Fewer than 300 000),2035,3661.109,Fewer than 300 000
STP,São Tomé and Príncipe,Other cities (Fewer than 300 000),2020,162.101,Fewer than 300 000
STP,São Tomé and Príncipe,Other cities (Fewer than 300 000),2025,187.994,Fewer than 300 000
STP,São Tomé and Príncipe,Other cities (Fewer than 300 000),2030,214.863,Fewer than 300 000
STP,São Tomé and Príncipe,Other cities (Fewer than 300 000),2035,242.018,Fewer than 300 000
SWZ,Eswatini,Other cities (Fewer than 300 000),2020,347.895,Fewer than 300 000
SWZ,Eswatini,Other cities (Fewer than 300 000),2025,392.638,Fewer than 300 000
SWZ,Eswatini,Other cities (Fewer than 300 000),2030,442.183,Fewer than 300 000
SWZ,Eswatini,Other cities (Fewer than 300 000),2035,497.913,Fewer than 300 000
SYC,Seychelles,Other cities (Fewer than 300 000),2020,55.308,Fewer than 300 000
SYC,Seychelles,Other cities (Fewer than 300 000),2025,58.12,Fewer than 300 000
SYC,Seychelles,Other cities (Fewer than 300 000),2030,60.516,Fewer than 300 000
SYC,Seychelles,Other cities (Fewer than 300 000),2035,62.662,Fewer than 300 000
TCD,Chad,N'Djaména,2020,1422.547,1 to 5 million
TCD,Chad,N'Djaména,2025,1722.784,1 to 5 million
TCD,Chad,N'Djaména,2030,2122.293,1 to 5 million
TCD,Chad,N'Djaména,2035,2640.134,1 to 5 million
TCD,Chad,Other cities (300 000 to 500 000),2035,303.103,300 000 to 500 000
TCD,Chad,Other cities (Fewer than 300 000),2020,2407.713,Fewer than 300 000
TCD,Chad,Other cities (Fewer than 300 000),2025,2978.2000000000003,Fewer than 300 000
TCD,Chad,Other cities (Fewer than 300 000),2030,3696.9779999999996,Fewer than 300 000
TCD,Chad,Other cities (Fewer than 300 000),2035,4302.731,Fewer than 300 000
TGO,Togo,Lomé,2020,1827.878,1 to 5 million
TGO,Togo,Lomé,2025,2108.74,1 to 5 million
TGO,Togo,Lomé,2030,2496.126,1 to 5 million
TGO,Togo,Lomé,2035,2946.567,1 to 5 million
TGO,Togo,Other cities (Fewer than 300 000),2020,1760.586,Fewer than 300 000
TGO,Togo,Other cities (Fewer than 300 000),2025,2186.834,Fewer than 300 000
TGO,Togo,Other cities (Fewer than 300 000),2030,2610.276,Fewer than 300 000
TGO,Togo,Other cities (Fewer than 300 000),2035,3074.9309999999996,Fewer than 300 000
TZA,Tanzania,Arusha,2020,492.919,300 000 to 500 000
TZA,Tanzania,Arusha,2025,575.991,500 000 to 1 million
TZA,Tanzania,Arusha,2030,714.68,500 000 to 1 million
TZA,Tanzania,Arusha,2035,886.042,500 000 to 1 million
TZA,Tanzania,Dar es Salaam,2020,6701.65,5 to 10 million
TZA,Tanzania,Dar es Salaam,2025,8561.525,5 to 10 million
TZA,Tanzania,Dar es Salaam,2030,10788.523,10 million or more
TZA,Tanzania,Dar es Salaam,2035,13383.362,10 million or more
TZA,Tanzania,Mbeya,2020,566.065,500 000 to 1 million
TZA,Tanzania,Mbeya,2025,712.316,500 000 to 1 million
TZA,Tanzania,Mbeya,2030,895.253,500 000 to 1 million
TZA,Tanzania,Mbeya,2035,1110.465,1 to 5 million
TZA,Tanzania,Morogoro,2020,408.74,300 000 to 500 000
TZA,Tanzania,Morogoro,2025,497.917,300 000 to 500 000
TZA,Tanzania,Morogoro,2030,622.28,500 000 to 1 million
TZA,Tanzania,Morogoro,2035,771.702,500 000 to 1 million
TZA,Tanzania,Mwanza,2020,1120.43,1 to 5 million
TZA,Tanzania,Mwanza,2025,1447.344,1 to 5 million
TZA,Tanzania,Mwanza,2030,1827.333,1 to 5 million
TZA,Tanzania,Mwanza,2035,2267.01,1 to 5 million
TZA,Tanzania,Other cities (300 000 to 500 000),2020,313.4069999999999,300 000 to 500 000
TZA,Tanzania,Other cities (300 000 to 500 000),2025,2483.1720000000005,300 000 to 500 000
TZA,Tanzania,Other cities (300 000 to 500 000),2030,3900.7429999999995,300 000 to 500 000
TZA,Tanzania,Other cities (300 000 to 500 000),2035,3795.9379999999996,300 000 to 500 000
TZA,Tanzania,Other cities (500 000 to 1 million),2025,511.0430000000001,500 000 to 1 million
TZA,Tanzania,Other cities (500 000 to 1 million),2030,1246.967,500 000 to 1 million
TZA,Tanzania,Other cities (500 000 to 1 million),2035,3301.1719999999996,500 000 to 1 million
TZA,Tanzania,Other cities (Fewer than 300 000),2020,11452.283,Fewer than 300 000
TZA,Tanzania,Other cities (Fewer than 300 000),2025,12111.725000000002,Fewer than 300 000
TZA,Tanzania,Other cities (Fewer than 300 000),2030,13841.165999999997,Fewer than 300 000
TZA,Tanzania,Other cities (Fewer than 300 000),2035,16386.231,Fewer than 300 000
TZA,Tanzania,Songea,2020,352.781,300 000 to 500 000
TZA,Tanzania,Songea,2025,469.972,300 000 to 500 000
TZA,Tanzania,Songea,2030,596.538,500 000 to 1 million
TZA,Tanzania,Songea,2035,740.225,500 000 to 1 million
TZA,Tanzania,Zanzibar,2020,705.078,500 000 to 1 million
TZA,Tanzania,Zanzibar,2025,873.982,500 000 to 1 million
TZA,Tanzania,Zanzibar,2030,1095.573,1 to 5 million
TZA,Tanzania,Zanzibar,2035,1358.803,1 to 5 million
UGA,Uganda,Kampala,2020,3298.364,1 to 5 million
UGA,Uganda,Kampala,2025,4265.162,1 to 5 million
UGA,Uganda,Kampala,2030,5505.707,5 to 10 million
UGA,Uganda,Kampala,2035,7003.977,5 to 10 million
UGA,Uganda,Other cities (300 000 to 500 000),2020,322.456,300 000 to 500 000
UGA,Uganda,Other cities (300 000 to 500 000),2025,1657.5720000000001,300 000 to 500 000
UGA,Uganda,Other cities (300 000 to 500 000),2030,786.693,300 000 to 500 000
UGA,Uganda,Other cities (300 000 to 500 000),2035,1110.163,300 000 to 500 000
UGA,Uganda,Other cities (500 000 to 1 million),2030,1726.402,500 000 to 1 million
UGA,Uganda,Other cities (500 000 to 1 million),2035,2791.4500000000003,500 000 to 1 million
UGA,Uganda,Other cities (Fewer than 300 000),2020,8154.192000000001,Fewer than 300 000
UGA,Uganda,Other cities (Fewer than 300 000),2025,9507.938,Fewer than 300 000
UGA,Uganda,Other cities (Fewer than 300 000),2030,11895.630000000001,Fewer than 300 000
UGA,Uganda,Other cities (Fewer than 300 000),2035,14367.476999999999,Fewer than 300 000
ZAF,South Africa,Bloemfontein,2020,567.029,500 000 to 1 million
ZAF,South Africa,Bloemfontein,2025,618.817,500 000 to 1 million
ZAF,South Africa,Bloemfontein,2030,667.647,500 000 to 1 million
ZAF,South Africa,Bloemfontein,2035,713.732,500 000 to 1 million
ZAF,South Africa,Cape Town,2020,4617.56,1 to 5 million
ZAF,South Africa,Cape Town,2025,5063.583,5 to 10 million
ZAF,South Africa,Cape Town,2030,5467.695,5 to 10 million
ZAF,South Africa,Cape Town,2035,5845.299,5 to 10 million
ZAF,South Africa,Durban (Ethekwini),2020,3158.313,1 to 5 million
ZAF,South Africa,Durban (Ethekwini),2025,3301.094,1 to 5 million
ZAF,South Africa,Durban (Ethekwini),2030,3535.01,1 to 5 million
ZAF,South Africa,Durban (Ethekwini),2035,3777.921,1 to 5 million
ZAF,South Africa,East London (Buffalo City),2020,708.559,500 000 to 1 million
ZAF,South Africa,East London (Buffalo City),2025,756.507,500 000 to 1 million
ZAF,South Africa,East London (Buffalo City),2030,813.105,500 000 to 1 million
ZAF,South Africa,East London (Buffalo City),2035,869.102,500 000 to 1 million
ZAF,South Africa,Ekurhuleni,2020,3894.262,1 to 5 million
ZAF,South Africa,Ekurhuleni,2025,4262.126,1 to 5 million
ZAF,South Africa,Ekurhuleni,2030,4600.725,1 to 5 million
ZAF,South Africa,Ekurhuleni,2035,4918.391,1 to 5 million
ZAF,South Africa,Johannesburg,2020,5782.747,5 to 10 million
ZAF,South Africa,Johannesburg,2025,6444.575,5 to 10 million
ZAF,South Africa,Johannesburg,2030,6978.417,5 to 10 million
ZAF,South Africa,Johannesburg,2035,7461.164,5 to 10 million
ZAF,South Africa,Other cities (300 000 to 500 000),2025,333.664,300 000 to 500 000
ZAF,South Africa,Other cities (300 000 to 500 000),2030,1291.26,300 000 to 500 000
ZAF,South Africa,Other cities (300 000 to 500 000),2035,1380.572,300 000 to 500 000
ZAF,South Africa,Other cities (Fewer than 300 000),2020,12561.836000000003,Fewer than 300 000
ZAF,South Africa,Other cities (Fewer than 300 000),2025,13152.572999999993,Fewer than 300 000
ZAF,South Africa,Other cities (Fewer than 300 000),2030,13166.057999999997,Fewer than 300 000
ZAF,South Africa,Other cities (Fewer than 300 000),2035,14040.453000000001,Fewer than 300 000
ZAF,South Africa,Pietermaritzburg (The Msunduzi),2020,526.912,500 000 to 1 million
ZAF,South Africa,Pietermaritzburg (The Msunduzi),2025,560.879,500 000 to 1 million
ZAF,South Africa,Pietermaritzburg (The Msunduzi),2030,602.527,500 000 to 1 million
ZAF,South Africa,Pietermaritzburg (The Msunduzi),2035,644.009,500 000 to 1 million
ZAF,South Africa,Polokwane,2020,425.613,300 000 to 500 000
ZAF,South Africa,Polokwane,2025,506.99,500 000 to 1 million
ZAF,South Africa,Polokwane,2030,555.363,500 000 to 1 million
ZAF,South Africa,Polokwane,2035,594.047,500 000 to 1 million
ZAF,South Africa,Port Elizabeth (Nelson Mandela Bay),2020,1253.742,1 to 5 million
ZAF,South Africa,Port Elizabeth (Nelson Mandela Bay),2025,1330.504,1 to 5 million
ZAF,South Africa,Port Elizabeth (Nelson Mandela Bay),2030,1428.546,1 to 5 million
ZAF,South Africa,Port Elizabeth (Nelson Mandela Bay),2035,1526.866,1 to 5 million
ZAF,South Africa,Pretoria,2020,2565.66,1 to 5 million
ZAF,South Africa,Pretoria,2025,2955.414,1 to 5 million
ZAF,South Africa,Pretoria,2030,3218.626,1 to 5 million
ZAF,South Africa,Pretoria,2035,3442.047,1 to 5 million
ZAF,South Africa,Rustenburg,2020,509.368,500 000 to 1 million
ZAF,South Africa,Rustenburg,2025,607.955,500 000 to 1 million
ZAF,South Africa,Rustenburg,2030,666.189,500 000 to 1 million
ZAF,South Africa,Rustenburg,2035,712.603,500 000 to 1 million
ZAF,South Africa,Soshanguve,2020,853.347,500 000 to 1 million
ZAF,South Africa,Soshanguve,2025,919.748,500 000 to 1 million
ZAF,South Africa,Soshanguve,2030,990.181,500 000 to 1 million
ZAF,South Africa,Soshanguve,2035,1058.44,1 to 5 million
ZAF,South Africa,Vereeniging,2020,774.031,500 000 to 1 million
ZAF,South Africa,Vereeniging,2025,812.913,500 000 to 1 million
ZAF,South Africa,Vereeniging,2030,871.24,500 000 to 1 million
ZAF,South Africa,Vereeniging,2035,931.139,500 000 to 1 million
ZAF,South Africa,West Rand,2020,897.609,500 000 to 1 million
ZAF,South Africa,West Rand,2025,961.625,500 000 to 1 million
ZAF,South Africa,West Rand,2030,1034.181,1 to 5 million
ZAF,South Africa,West Rand,2035,1105.429,1 to 5 million
ZAF,South Africa,Witbank,2020,454.301,300 000 to 500 000
ZAF,South Africa,Witbank,2025,523.612,500 000 to 1 million
ZAF,South Africa,Witbank,2030,570.302,500 000 to 1 million
ZAF,South Africa,Witbank,2035,609.892,500 000 to 1 million
ZMB,Zambia,Kitwe,2020,685.908,500 000 to 1 million
ZMB,Zambia,Kitwe,2025,823.625,500 000 to 1 million
ZMB,Zambia,Kitwe,2030,1005.243,1 to 5 million
ZMB,Zambia,Kitwe,2035,1220.761,1 to 5 million
ZMB,Zambia,Lusaka,2020,2774.133,1 to 5 million
ZMB,Zambia,Lusaka,2025,3470.866,1 to 5 million
ZMB,Zambia,Lusaka,2030,4266.517,1 to 5 million
ZMB,Zambia,Lusaka,2035,5182.669,5 to 10 million
ZMB,Zambia,Ndola,2020,542.495,500 000 to 1 million
ZMB,Zambia,Ndola,2025,628.595,500 000 to 1 million
ZMB,Zambia,Ndola,2030,762.477,500 000 to 1 million
ZMB,Zambia,Ndola,2035,925.726,500 000 to 1 million
ZMB,Zambia,Other cities (300 000 to 500 000),2030,1014.961,300 000 to 500 000
ZMB,Zambia,Other cities (300 000 to 500 000),2035,2222.501,300 000 to 500 000
ZMB,Zambia,Other cities (Fewer than 300 000),2020,4333.844999999999,Fewer than 300 000
ZMB,Zambia,Other cities (Fewer than 300 000),2025,5333.581999999999,Fewer than 300 000
ZMB,Zambia,Other cities (Fewer than 300 000),2030,5499.32,Fewer than 300 000
ZMB,Zambia,Other cities (Fewer than 300 000),2035,5668.314,Fewer than 300 000
ZWE,Zimbabwe,Bulawayo,2020,638.188,500 000 to 1 million
ZWE,Zimbabwe,Bulawayo,2025,668.949,500 000 to 1 million
ZWE,Zimbabwe,Bulawayo,2030,753.306,500 000 to 1 million
ZWE,Zimbabwe,Bulawayo,2035,874.479,500 000 to 1 million
ZWE,Zimbabwe,Chitungwiza,2020,386.452,300 000 to 500 000
ZWE,Zimbabwe,Chitungwiza,2025,419.611,300 000 to 500 000
ZWE,Zimbabwe,Chitungwiza,2030,475.422,300 000 to 500 000
ZWE,Zimbabwe,Chitungwiza,2035,552.027,500 000 to 1 million
ZWE,Zimbabwe,Harare,2020,1529.92,1 to 5 million
ZWE,Zimbabwe,Harare,2025,1633.019,1 to 5 million
ZWE,Zimbabwe,Harare,2030,1844.741,1 to 5 million
ZWE,Zimbabwe,Harare,2035,2141.738,1 to 5 million
ZWE,Zimbabwe,Other cities (300 000 to 500 000),2030,303.515,300 000 to 500 000
ZWE,Zimbabwe,Other cities (300 000 to 500 000),2035,352.598,300 000 to 500 000
ZWE,Zimbabwe,Other cities (Fewer than 300 000),2020,3145.8999999999996,Fewer than 300 000
ZWE,Zimbabwe,Other cities (Fewer than 300 000),2025,3708.1820000000007,Fewer than 300 000
ZWE,Zimbabwe,Other cities (Fewer than 300 000),2030,3993.2950000000005,Fewer than 300 000
ZWE,Zimbabwe,Other cities (Fewer than 300 000),2035,4659.668000000001,Fewer than 300 000
